mesto;mesic;kapacita odsouzeni;stav odsouzeni;rok;id;kapacita obvineni;kapacita chovanci;kapacita nemocnice;stav obvineni;stav chovanci;stav nemocnice
Bělušice;leden;570;567;2024;10;;;;;;
Bělušice;únor;568;583;2024;10;;;;;;
Bělušice;březen;568;581;2024;10;;;;;;
Bělušice;duben;568;593;2024;10;;;;;;
Bělušice;květen;568;587;2024;10;;;;;;
Bělušice;červen;568;584;2024;10;;;;;;
Bělušice;červenec;568;587;2024;10;;;;;;
Bělušice;srpen;568;604;2024;10;;;;;;
Bělušice;září;568;572;2024;10;;;;;;
Bělušice;říjen;568;552;2024;10;;;;;;
Bělušice;listopad;568;554;2024;10;;;;;;
Bělušice;prosinec;568;572;2024;10;;;;;;
Bělušice;leden;570;567;2023;10;;;;;;
Bělušice;únor;570;567;2023;10;;;;;;
Bělušice;březen;570;594;2023;10;;;;;;
Bělušice;duben;570;593;2023;10;;;;;;
Bělušice;květen;570;605;2023;10;;;;;;
Bělušice;červen;570;610;2023;10;;;;;;
Bělušice;červenec;570;601;2023;10;;;;;;
Bělušice;srpen;570;591;2023;10;;;;;;
Bělušice;září;570;572;2023;10;;;;;;
Bělušice;říjen;570;568;2023;10;;;;;;
Bělušice;listopad;570;556;2023;10;;;;;;
Bělušice;prosinec;570;549;2023;10;;;;;;
Bělušice;leden;570;542;2022;10;;;;;;
Bělušice;únor;570;549;2022;10;;;;;;
Bělušice;březen;570;589;2022;10;;;;;;
Bělušice;duben;570;594;2022;10;;;;;;
Bělušice;květen;570;620;2022;10;;;;;;
Bělušice;červen;570;620;2022;10;;;;;;
Bělušice;červenec;570;625;2022;10;;;;;;
Bělušice;srpen;570;618;2022;10;;;;;;
Bělušice;září;570;614;2022;10;;;;;;
Bělušice;říjen;570;600;2022;10;;;;;;
Bělušice;listopad;570;590;2022;10;;;;;;
Bělušice;prosinec;570;577;2022;10;;;;;;
Bělušice;leden;578;611;2021;10;;;;;;
Bělušice;únor;578;610;2021;10;;;;;;
Bělušice;březen;578;598;2021;10;;;;;;
Bělušice;duben;578;576;2021;10;;;;;;
Bělušice;květen;578;568;2021;10;;;;;;
Bělušice;červen;578;592;2021;10;;;;;;
Bělušice;červenec;578;579;2021;10;;;;;;
Bělušice;srpen;578;605;2021;10;;;;;;
Bělušice;září;578;608;2021;10;;;;;;
Bělušice;říjen;578;600;2021;10;;;;;;
Bělušice;listopad;578;591;2021;10;;;;;;
Bělušice;prosinec;578;550;2021;10;;;;;;
Bělušice;leden;578;648;2020;10;;;;;;
Bělušice;únor;578;640;2020;10;;;;;;
Bělušice;březen;578;674;2020;10;;;;;;
Bělušice;duben;578;653;2020;10;;;;;;
Bělušice;květen;578;647;2020;10;;;;;;
Bělušice;červen;578;638;2020;10;;;;;;
Bělušice;červenec;578;651;2020;10;;;;;;
Bělušice;srpen;578;650;2020;10;;;;;;
Bělušice;září;578;656;2020;10;;;;;;
Bělušice;říjen;578;654;2020;10;;;;;;
Bělušice;listopad;578;626;2020;10;;;;;;
Bělušice;prosinec;578;642;2020;10;;;;;;
Brno;leden;221;235;2024;1;170.0;47.0;113.0;159.0;42.0;30.0
Brno;únor;242;208;2024;1;167.0;47.0;113.0;158.0;42.0;46.0
Brno;březen;242;214;2024;1;167.0;47.0;113.0;166.0;42.0;36.0
Brno;duben;242;219;2024;1;167.0;47.0;113.0;170.0;42.0;38.0
Brno;květen;242;210;2024;1;167.0;47.0;113.0;162.0;43.0;35.0
Brno;červen;246;216;2024;1;167.0;58.0;113.0;155.0;48.0;37.0
Brno;červenec;246;204;2024;1;167.0;58.0;113.0;153.0;49.0;24.0
Brno;srpen;246;199;2024;1;167.0;58.0;113.0;144.0;50.0;44.0
Brno;září;246;186;2024;1;167.0;58.0;113.0;147.0;53.0;44.0
Brno;říjen;246;196;2024;1;167.0;58.0;113.0;157.0;53.0;33.0
Brno;listopad;246;209;2024;1;167.0;58.0;113.0;153.0;54.0;38.0
Brno;prosinec;246;162;2024;1;167.0;58.0;113.0;147.0;55.0;30.0
Brno;leden;221;247;2023;1;170.0;45.0;113.0;135.0;43.0;38.0
Brno;únor;221;224;2023;1;170.0;45.0;113.0;143.0;42.0;37.0
Brno;březen;221;233;2023;1;170.0;45.0;113.0;142.0;40.0;42.0
Brno;duben;221;239;2023;1;170.0;45.0;113.0;150.0;41.0;40.0
Brno;květen;221;245;2023;1;170.0;45.0;113.0;139.0;41.0;30.0
Brno;červen;221;195;2023;1;170.0;47.0;113.0;144.0;45.0;43.0
Brno;červenec;221;234;2023;1;170.0;47.0;113.0;141.0;44.0;43.0
Brno;srpen;221;179;2023;1;170.0;47.0;113.0;155.0;45.0;35.0
Brno;září;221;218;2023;1;170.0;47.0;113.0;165.0;45.0;40.0
Brno;říjen;221;189;2023;1;170.0;47.0;113.0;176.0;47.0;42.0
Brno;listopad;221;206;2023;1;170.0;47.0;113.0;156.0;45.0;31.0
Brno;prosinec;221;195;2023;1;170.0;47.0;113.0;152.0;44.0;31.0
Brno;leden;221;235;2022;1;170.0;45.0;113.0;170.0;54.0;22.0
Brno;únor;221;230;2022;1;170.0;45.0;113.0;167.0;50.0;30.0
Brno;březen;221;223;2022;1;170.0;45.0;113.0;146.0;45.0;37.0
Brno;duben;221;209;2022;1;170.0;45.0;113.0;142.0;44.0;35.0
Brno;květen;221;231;2022;1;170.0;45.0;113.0;158.0;45.0;39.0
Brno;červen;221;205;2022;1;170.0;45.0;113.0;158.0;43.0;44.0
Brno;červenec;221;208;2022;1;170.0;45.0;113.0;162.0;43.0;47.0
Brno;srpen;221;216;2022;1;170.0;45.0;113.0;163.0;44.0;34.0
Brno;září;221;204;2022;1;170.0;45.0;113.0;166.0;43.0;45.0
Brno;říjen;221;192;2022;1;170.0;45.0;113.0;153.0;45.0;46.0
Brno;listopad;221;214;2022;1;170.0;45.0;113.0;147.0;43.0;35.0
Brno;prosinec;221;172;2022;1;170.0;45.0;113.0;130.0;45.0;27.0
Brno;leden;221;206;2021;1;170.0;45.0;113.0;167.0;53.0;24.0
Brno;únor;221;229;2021;1;170.0;45.0;113.0;168.0;55.0;35.0
Brno;březen;221;246;2021;1;170.0;45.0;113.0;159.0;57.0;36.0
Brno;duben;221;272;2021;1;170.0;45.0;113.0;136.0;57.0;24.0
Brno;květen;221;244;2021;1;170.0;45.0;113.0;133.0;55.0;25.0
Brno;červen;221;255;2021;1;170.0;45.0;113.0;113.0;57.0;18.0
Brno;červenec;221;222;2021;1;170.0;45.0;113.0;115.0;58.0;25.0
Brno;srpen;221;198;2021;1;170.0;45.0;113.0;117.0;58.0;20.0
Brno;září;221;2018;2021;1;170.0;45.0;113.0;137.0;59.0;25.0
Brno;říjen;221;218;2021;1;170.0;45.0;113.0;152.0;60.0;28.0
Brno;listopad;221;207;2021;1;170.0;45.0;113.0;151.0;59.0;42.0
Brno;prosinec;221;207;2021;1;170.0;45.0;113.0;156.0;59.0;24.0
Brno;leden;228;246;2020;1;170.0;45.0;113.0;177.0;45.0;39.0
Brno;únor;221;254;2020;1;170.0;45.0;113.0;190.0;46.0;42.0
Brno;březen;221;197;2020;1;170.0;45.0;113.0;186.0;47.0;20.0
Brno;duben;221;188;2020;1;170.0;45.0;113.0;181.0;45.0;18.0
Brno;květen;221;211;2020;1;170.0;45.0;113.0;187.0;45.0;28.0
Brno;červen;221;231;2020;1;170.0;45.0;113.0;192.0;47.0;27.0
Brno;červenec;221;214;2020;1;170.0;45.0;113.0;177.0;47.0;25.0
Brno;srpen;221;213;2020;1;170.0;45.0;113.0;181.0;48.0;28.0
Brno;září;221;235;2020;1;170.0;45.0;113.0;161.0;45.0;18.0
Brno;říjen;221;212;2020;1;170.0;45.0;113.0;173.0;46.0;50.0
Brno;listopad;221;184;2020;1;170.0;45.0;113.0;171.0;47.0;41.0
Brno;prosinec;221;172;2020;1;170.0;45.0;113.0;171.0;49.0;25.0
Břeclav;leden;288;259;2024;11;35.0;;;13.0;;
Břeclav;únor;294;272;2024;11;23.0;;;13.0;;
Břeclav;březen;300;275;2024;11;23.0;;;10.0;;
Břeclav;duben;300;274;2024;11;23.0;;;13.0;;
Břeclav;květen;300;283;2024;11;23.0;;;14.0;;
Břeclav;červen;300;294;2024;11;23.0;;;20.0;;
Břeclav;červenec;300;296;2024;11;23.0;;;20.0;;
Břeclav;srpen;300;286;2024;11;23.0;;;15.0;;
Břeclav;září;300;278;2024;11;23.0;;;16.0;;
Břeclav;říjen;300;284;2024;11;23.0;;;14.0;;
Břeclav;listopad;300;284;2024;11;23.0;;;19.0;;
Břeclav;prosinec;300;283;2024;11;23.0;;;17.0;;
Břeclav;leden;279;247;2023;11;35.0;;;16.0;;
Břeclav;únor;279;255;2023;11;35.0;;;19.0;;
Břeclav;březen;293;270;2023;11;23.0;;;16.0;;
Břeclav;duben;293;280;2023;11;23.0;;;13.0;;
Břeclav;květen;293;269;2023;11;23.0;;;17.0;;
Břeclav;červen;293;282;2023;11;23.0;;;16.0;;
Břeclav;červenec;293;277;2023;11;23.0;;;17.0;;
Břeclav;srpen;293;277;2023;11;23.0;;;18.0;;
Břeclav;září;293;277;2023;11;23.0;;;24.0;;
Břeclav;říjen;288;278;2023;11;35.0;;;29.0;;
Břeclav;listopad;288;258;2023;11;35.0;;;34.0;;
Břeclav;prosinec;288;260;2023;11;35.0;;;28.0;;
Břeclav;leden;295;278;2022;11;19.0;;;8.0;;
Břeclav;únor;295;293;2022;11;19.0;;;13.0;;
Břeclav;březen;295;280;2022;11;19.0;;;10.0;;
Břeclav;duben;295;268;2022;11;19.0;;;12.0;;
Břeclav;květen;295;286;2022;11;19.0;;;14.0;;
Břeclav;červen;295;280;2022;11;19.0;;;16.0;;
Břeclav;červenec;295;280;2022;11;19.0;;;17.0;;
Břeclav;srpen;295;271;2022;11;19.0;;;18.0;;
Břeclav;září;295;266;2022;11;19.0;;;23.0;;
Břeclav;říjen;279;243;2022;11;35.0;;;19.0;;
Břeclav;listopad;279;256;2022;11;35.0;;;19.0;;
Břeclav;prosinec;279;259;2022;11;35.0;;;17.0;;
Břeclav;leden;295;260;2021;11;19.0;;;19.0;;
Břeclav;únor;295;246;2021;11;19.0;;;16.0;;
Břeclav;březen;295;219;2021;11;19.0;;;13.0;;
Břeclav;duben;295;245;2021;11;19.0;;;13.0;;
Břeclav;květen;295;262;2021;11;19.0;;;16.0;;
Břeclav;červen;295;276;2021;11;19.0;;;12.0;;
Břeclav;červenec;295;283;2021;11;19.0;;;9.0;;
Břeclav;srpen;295;279;2021;11;19.0;;;9.0;;
Břeclav;září;295;266;2021;11;19.0;;;7.0;;
Břeclav;říjen;295;264;2021;11;19.0;;;8.0;;
Břeclav;listopad;295;277;2021;11;19.0;;;7.0;;
Břeclav;prosinec;295;283;2021;11;19.0;;;8.0;;
Břeclav;leden;295;370;2020;11;19.0;;;26.0;;
Břeclav;únor;295;367;2020;11;19.0;;;21.0;;
Břeclav;březen;295;377;2020;11;19.0;;;20.0;;
Břeclav;duben;295;348;2020;11;19.0;;;19.0;;
Břeclav;květen;295;335;2020;11;19.0;;;15.0;;
Břeclav;červen;295;317;2020;11;19.0;;;13.0;;
Břeclav;červenec;295;293;2020;11;19.0;;;12.0;;
Břeclav;srpen;295;294;2020;11;19.0;;;12.0;;
Břeclav;září;295;293;2020;11;19.0;;;12.0;;
Břeclav;říjen;295;283;2020;11;19.0;;;15.0;;
Břeclav;listopad;295;295;2020;11;19.0;;;18.0;;
Břeclav;prosinec;295;277;2020;11;19.0;;;17.0;;
České Budějovice;leden;157;143;2024;2;81.0;;;46.0;;
České Budějovice;únor;157;140;2024;2;81.0;;;45.0;;
České Budějovice;březen;157;135;2024;2;81.0;;;46.0;;
České Budějovice;duben;157;127;2024;2;81.0;;;50.0;;
České Budějovice;květen;157;144;2024;2;81.0;;;46.0;;
České Budějovice;červen;157;130;2024;2;81.0;;;47.0;;
České Budějovice;červenec;157;144;2024;2;81.0;;;49.0;;
České Budějovice;srpen;157;129;2024;2;81.0;;;54.0;;
České Budějovice;září;157;123;2024;2;81.0;;;61.0;;
České Budějovice;říjen;172;123;2024;2;81.0;;;60.0;;
České Budějovice;listopad;172;132;2024;2;81.0;;;67.0;;
České Budějovice;prosinec;172;119;2024;2;81.0;;;64.0;;
České Budějovice;leden;157;163;2023;2;81.0;;;61.0;;
České Budějovice;únor;157;145;2023;2;81.0;;;60.0;;
České Budějovice;březen;157;143;2023;2;81.0;;;59.0;;
České Budějovice;duben;157;154;2023;2;81.0;;;55.0;;
České Budějovice;květen;157;153;2023;2;81.0;;;62.0;;
České Budějovice;červen;157;135;2023;2;81.0;;;70.0;;
České Budějovice;červenec;157;159;2023;2;81.0;;;62.0;;
České Budějovice;srpen;157;136;2023;2;81.0;;;57.0;;
České Budějovice;září;157;136;2023;2;81.0;;;58.0;;
České Budějovice;říjen;157;148;2023;2;81.0;;;48.0;;
České Budějovice;listopad;157;134;2023;2;81.0;;;47.0;;
České Budějovice;prosinec;157;117;2023;2;81.0;;;48.0;;
České Budějovice;leden;146;134;2022;2;96.0;;;52.0;;
České Budějovice;únor;161;149;2022;2;81.0;;;58.0;;
České Budějovice;březen;161;134;2022;2;81.0;;;57.0;;
České Budějovice;duben;161;141;2022;2;81.0;;;56.0;;
České Budějovice;květen;161;140;2022;2;81.0;;;65.0;;
České Budějovice;červen;161;119;2022;2;81.0;;;62.0;;
České Budějovice;červenec;161;136;2022;2;81.0;;;66.0;;
České Budějovice;srpen;161;135;2022;2;81.0;;;56.0;;
České Budějovice;září;161;144;2022;2;81.0;;;57.0;;
České Budějovice;říjen;157;149;2022;2;81.0;;;64.0;;
České Budějovice;listopad;157;159;2022;2;81.0;;;57.0;;
České Budějovice;prosinec;157;121;2022;2;81.0;;;58.0;;
České Budějovice;leden;146;129;2021;2;96.0;;;58.0;;
České Budějovice;únor;146;148;2021;2;96.0;;;55.0;;
České Budějovice;březen;146;133;2021;2;96.0;;;57.0;;
České Budějovice;duben;146;110;2021;2;96.0;;;56.0;;
České Budějovice;květen;146;119;2021;2;96.0;;;60.0;;
České Budějovice;červen;146;123;2021;2;96.0;;;62.0;;
České Budějovice;červenec;146;111;2021;2;96.0;;;59.0;;
České Budějovice;srpen;146;121;2021;2;96.0;;;54.0;;
České Budějovice;září;146;117;2021;2;96.0;;;52.0;;
České Budějovice;říjen;146;138;2021;2;96.0;;;54.0;;
České Budějovice;listopad;146;146;2021;2;96.0;;;57.0;;
České Budějovice;prosinec;146;117;2021;2;96.0;;;57.0;;
České Budějovice;leden;146;152;2020;2;96.0;;;90.0;;
České Budějovice;únor;146;161;2020;2;96.0;;;93.0;;
České Budějovice;březen;146;129;2020;2;96.0;;;84.0;;
České Budějovice;duben;146;122;2020;2;96.0;;;97.0;;
České Budějovice;květen;146;117;2020;2;96.0;;;88.0;;
České Budějovice;červen;146;126;2020;2;96.0;;;86.0;;
České Budějovice;červenec;146;123;2020;2;96.0;;;85.0;;
České Budějovice;srpen;146;145;2020;2;96.0;;;91.0;;
České Budějovice;září;146;128;2020;2;96.0;;;87.0;;
České Budějovice;říjen;146;137;2020;2;96.0;;;80.0;;
České Budějovice;listopad;146;116;2020;2;96.0;;;72.0;;
České Budějovice;prosinec;146;117;2020;2;96.0;;;63.0;;
Heřmanice;leden;675;796;2024;12;;;;;;
Heřmanice;únor;675;817;2024;12;;;;;;
Heřmanice;březen;675;821;2024;12;;;;;;
Heřmanice;duben;675;799;2024;12;;;;;;
Heřmanice;květen;675;785;2024;12;;;;;;
Heřmanice;červen;675;760;2024;12;;;;;;
Heřmanice;červenec;675;761;2024;12;;;;;;
Heřmanice;srpen;675;767;2024;12;;;;;;
Heřmanice;září;675;808;2024;12;;;;;;
Heřmanice;říjen;675;745;2024;12;;;;;;
Heřmanice;listopad;675;746;2024;12;;;;;;
Heřmanice;prosinec;675;732;2024;12;;;;;;
Heřmanice;leden;681;773;2023;12;;;;;;
Heřmanice;únor;681;756;2023;12;;;;;;
Heřmanice;březen;681;734;2023;12;;;;;;
Heřmanice;duben;681;737;2023;12;;;;;;
Heřmanice;květen;681;738;2023;12;;;;;;
Heřmanice;červen;681;733;2023;12;;;;;;
Heřmanice;červenec;681;745;2023;12;;;;;;
Heřmanice;srpen;681;765;2023;12;;;;;;
Heřmanice;září;681;763;2023;12;;;;;;
Heřmanice;říjen;681;774;2023;12;;;;;;
Heřmanice;listopad;681;801;2023;12;;;;;;
Heřmanice;prosinec;681;791;2023;12;;;;;;
Heřmanice;leden;681;719;2022;12;;;;;;
Heřmanice;únor;681;744;2022;12;;;;;;
Heřmanice;březen;681;762;2022;12;;;;;;
Heřmanice;duben;681;786;2022;12;;;;;;
Heřmanice;květen;681;820;2022;12;;;;;;
Heřmanice;červen;681;827;2022;12;;;;;;
Heřmanice;červenec;681;806;2022;12;;;;;;
Heřmanice;srpen;681;784;2022;12;;;;;;
Heřmanice;září;681;767;2022;12;;;;;;
Heřmanice;říjen;681;772;2022;12;;;;;;
Heřmanice;listopad;681;776;2022;12;;;;;;
Heřmanice;prosinec;681;768;2022;12;;;;;;
Heřmanice;leden;681;783;2021;12;;;;;;
Heřmanice;únor;681;777;2021;12;;;;;;
Heřmanice;březen;681;789;2021;12;;;;;;
Heřmanice;duben;681;770;2021;12;;;;;;
Heřmanice;květen;681;771;2021;12;;;;;;
Heřmanice;červen;681;775;2021;12;;;;;;
Heřmanice;červenec;681;760;2021;12;;;;;;
Heřmanice;srpen;681;751;2021;12;;;;;;
Heřmanice;září;681;766;2021;12;;;;;;
Heřmanice;říjen;681;738;2021;12;;;;;;
Heřmanice;listopad;681;735;2021;12;;;;;;
Heřmanice;prosinec;681;715;2021;12;;;;;;
Heřmanice;leden;681;879;2020;12;;;;;;
Heřmanice;únor;681;894;2020;12;;;;;;
Heřmanice;březen;681;884;2020;12;;;;;;
Heřmanice;duben;681;883;2020;12;;;;;;
Heřmanice;květen;681;853;2020;12;;;;;;
Heřmanice;červen;681;844;2020;12;;;;;;
Heřmanice;červenec;681;839;2020;12;;;;;;
Heřmanice;srpen;681;827;2020;12;;;;;;
Heřmanice;září;681;805;2020;12;;;;;;
Heřmanice;říjen;681;806;2020;12;;;;;;
Heřmanice;listopad;681;791;2020;12;;;;;;
Heřmanice;prosinec;681;764;2020;12;;;;;;
Horní Slavkov;leden;713;693;2024;13;;;;;;
Horní Slavkov;únor;713;706;2024;13;;;;;;
Horní Slavkov;březen;713;689;2024;13;;;;;;
Horní Slavkov;duben;713;690;2024;13;;;;;;
Horní Slavkov;květen;713;712;2024;13;;;;;;
Horní Slavkov;červen;713;740;2024;13;;;;;;
Horní Slavkov;červenec;713;761;2024;13;;;;;;
Horní Slavkov;srpen;713;778;2024;13;;;;;;
Horní Slavkov;září;697;775;2024;13;;;;;;
Horní Slavkov;říjen;697;771;2024;13;;;;;;
Horní Slavkov;listopad;697;762;2024;13;;;;;;
Horní Slavkov;prosinec;697;785;2024;13;;;;;;
Horní Slavkov;leden;703;674;2023;13;;;;;;
Horní Slavkov;únor;703;663;2023;13;;;;;;
Horní Slavkov;březen;628;559;2023;13;;;;;;
Horní Slavkov;duben;628;528;2023;13;;;;;;
Horní Slavkov;květen;628;528;2023;13;;;;;;
Horní Slavkov;červen;703;580;2023;13;;;;;;
Horní Slavkov;červenec;703;594;2023;13;;;;;;
Horní Slavkov;srpen;703;597;2023;13;;;;;;
Horní Slavkov;září;713;666;2023;13;;;;;;
Horní Slavkov;říjen;713;677;2023;13;;;;;;
Horní Slavkov;listopad;713;692;2023;13;;;;;;
Horní Slavkov;prosinec;713;695;2023;13;;;;;;
Horní Slavkov;leden;710;661;2022;13;;;;;;
Horní Slavkov;únor;710;659;2022;13;;;;;;
Horní Slavkov;březen;710;664;2022;13;;;;;;
Horní Slavkov;duben;710;656;2022;13;;;;;;
Horní Slavkov;květen;710;648;2022;13;;;;;;
Horní Slavkov;červen;710;667;2022;13;;;;;;
Horní Slavkov;červenec;710;663;2022;13;;;;;;
Horní Slavkov;srpen;710;668;2022;13;;;;;;
Horní Slavkov;září;703;662;2022;13;;;;;;
Horní Slavkov;říjen;703;674;2022;13;;;;;;
Horní Slavkov;listopad;703;694;2022;13;;;;;;
Horní Slavkov;prosinec;703;688;2022;13;;;;;;
Horní Slavkov;leden;710;732;2021;13;;;;;;
Horní Slavkov;únor;710;697;2021;13;;;;;;
Horní Slavkov;březen;710;681;2021;13;;;;;;
Horní Slavkov;duben;710;704;2021;13;;;;;;
Horní Slavkov;květen;710;716;2021;13;;;;;;
Horní Slavkov;červen;710;733;2021;13;;;;;;
Horní Slavkov;červenec;710;745;2021;13;;;;;;
Horní Slavkov;srpen;710;744;2021;13;;;;;;
Horní Slavkov;září;710;675;2021;13;;;;;;
Horní Slavkov;říjen;710;657;2021;13;;;;;;
Horní Slavkov;listopad;710;647;2021;13;;;;;;
Horní Slavkov;prosinec;710;670;2021;13;;;;;;
Horní Slavkov;leden;710;690;2020;13;;;;;;
Horní Slavkov;únor;710;722;2020;13;;;;;;
Horní Slavkov;březen;710;762;2020;13;;;;;;
Horní Slavkov;duben;710;751;2020;13;;;;;;
Horní Slavkov;květen;710;722;2020;13;;;;;;
Horní Slavkov;červen;710;698;2020;13;;;;;;
Horní Slavkov;červenec;710;703;2020;13;;;;;;
Horní Slavkov;srpen;710;679;2020;13;;;;;;
Horní Slavkov;září;710;686;2020;13;;;;;;
Horní Slavkov;říjen;710;687;2020;13;;;;;;
Horní Slavkov;listopad;710;706;2020;13;;;;;;
Horní Slavkov;prosinec;710;732;2020;13;;;;;;
Hradec Králové;leden;221;197;2024;3;131.0;;;106.0;;
Hradec Králové;únor;221;191;2024;3;131.0;;;113.0;;
Hradec Králové;březen;221;193;2024;3;131.0;;;128.0;;
Hradec Králové;duben;221;183;2024;3;131.0;;;122.0;;
Hradec Králové;květen;221;192;2024;3;131.0;;;122.0;;
Hradec Králové;červen;221;194;2024;3;131.0;;;127.0;;
Hradec Králové;červenec;221;177;2024;3;131.0;;;122.0;;
Hradec Králové;srpen;221;192;2024;3;131.0;;;126.0;;
Hradec Králové;září;221;203;2024;3;131.0;;;117.0;;
Hradec Králové;říjen;216;187;2024;3;131.0;;;110.0;;
Hradec Králové;listopad;216;197;2024;3;131.0;;;114.0;;
Hradec Králové;prosinec;216;164;2024;3;131.0;;;118.0;;
Hradec Králové;leden;221;212;2023;3;131.0;;;103.0;;
Hradec Králové;únor;221;221;2023;3;131.0;;;96.0;;
Hradec Králové;březen;221;211;2023;3;131.0;;;93.0;;
Hradec Králové;duben;221;212;2023;3;131.0;;;87.0;;
Hradec Králové;květen;221;227;2023;3;131.0;;;92.0;;
Hradec Králové;červen;221;199;2023;3;131.0;;;110.0;;
Hradec Králové;červenec;221;198;2023;3;131.0;;;103.0;;
Hradec Králové;srpen;221;185;2023;3;131.0;;;101.0;;
Hradec Králové;září;221;189;2023;3;131.0;;;95.0;;
Hradec Králové;říjen;221;196;2023;3;131.0;;;90.0;;
Hradec Králové;listopad;221;195;2023;3;131.0;;;96.0;;
Hradec Králové;prosinec;221;186;2023;3;131.0;;;101.0;;
Hradec Králové;leden;217;213;2022;3;137.0;;;81.0;;
Hradec Králové;únor;217;234;2022;3;137.0;;;83.0;;
Hradec Králové;březen;221;195;2022;3;131.0;;;89.0;;
Hradec Králové;duben;221;210;2022;3;131.0;;;101.0;;
Hradec Králové;květen;221;222;2022;3;131.0;;;100.0;;
Hradec Králové;červen;221;202;2022;3;131.0;;;105.0;;
Hradec Králové;červenec;221;188;2022;3;131.0;;;104.0;;
Hradec Králové;srpen;221;186;2022;3;131.0;;;113.0;;
Hradec Králové;září;221;210;2022;3;131.0;;;109.0;;
Hradec Králové;říjen;221;205;2022;3;131.0;;;112.0;;
Hradec Králové;listopad;221;203;2022;3;131.0;;;107.0;;
Hradec Králové;prosinec;221;186;2022;3;131.0;;;101.0;;
Hradec Králové;leden;217;182;2021;3;137.0;;;106.0;;
Hradec Králové;únor;217;209;2021;3;137.0;;;103.0;;
Hradec Králové;březen;217;219;2021;3;137.0;;;101.0;;
Hradec Králové;duben;217;187;2021;3;137.0;;;93.0;;
Hradec Králové;květen;217;203;2021;3;137.0;;;78.0;;
Hradec Králové;červen;217;185;2021;3;137.0;;;80.0;;
Hradec Králové;červenec;217;160;2021;3;137.0;;;80.0;;
Hradec Králové;srpen;217;196;2021;3;137.0;;;103.0;;
Hradec Králové;září;217;196;2021;3;137.0;;;94.0;;
Hradec Králové;říjen;217;209;2021;3;137.0;;;96.0;;
Hradec Králové;listopad;217;193;2021;3;137.0;;;97.0;;
Hradec Králové;prosinec;217;177;2021;3;137.0;;;88.0;;
Hradec Králové;leden;217;234;2020;3;137.0;;;137.0;;
Hradec Králové;únor;217;271;2020;3;137.0;;;136.0;;
Hradec Králové;březen;217;224;2020;3;137.0;;;128.0;;
Hradec Králové;duben;217;200;2020;3;137.0;;;125.0;;
Hradec Králové;květen;217;185;2020;3;137.0;;;112.0;;
Hradec Králové;červen;217;206;2020;3;137.0;;;110.0;;
Hradec Králové;červenec;217;205;2020;3;137.0;;;112.0;;
Hradec Králové;srpen;217;218;2020;3;137.0;;;117.0;;
Hradec Králové;září;217;211;2020;3;137.0;;;115.0;;
Hradec Králové;říjen;217;221;2020;3;137.0;;;114.0;;
Hradec Králové;listopad;217;215;2020;3;137.0;;;110.0;;
Hradec Králové;prosinec;217;166;2020;3;137.0;;;118.0;;
Jiřice;leden;769;824;2024;14;;;;;;
Jiřice;únor;769;837;2024;14;;;;;;
Jiřice;březen;769;835;2024;14;;;;;;
Jiřice;duben;769;826;2024;14;;;;;;
Jiřice;květen;769;796;2024;14;;;;;;
Jiřice;červen;769;803;2024;14;;;;;;
Jiřice;červenec;769;820;2024;14;;;;;;
Jiřice;srpen;769;799;2024;14;;;;;;
Jiřice;září;769;778;2024;14;;;;;;
Jiřice;říjen;759;766;2024;14;;;;;;
Jiřice;listopad;759;758;2024;14;;;;;;
Jiřice;prosinec;759;784;2024;14;;;;;;
Jiřice;leden;769;789;2023;14;;;;;;
Jiřice;únor;769;813;2023;14;;;;;;
Jiřice;březen;769;803;2023;14;;;;;;
Jiřice;duben;769;815;2023;14;;;;;;
Jiřice;květen;769;804;2023;14;;;;;;
Jiřice;červen;769;834;2023;14;;;;;;
Jiřice;červenec;769;832;2023;14;;;;;;
Jiřice;srpen;769;838;2023;14;;;;;;
Jiřice;září;769;823;2023;14;;;;;;
Jiřice;říjen;769;844;2023;14;;;;;;
Jiřice;listopad;769;841;2023;14;;;;;;
Jiřice;prosinec;769;827;2023;14;;;;;;
Jiřice;leden;766;789;2022;14;;;;;;
Jiřice;únor;766;783;2022;14;;;;;;
Jiřice;březen;766;807;2022;14;;;;;;
Jiřice;duben;766;807;2022;14;;;;;;
Jiřice;květen;766;823;2022;14;;;;;;
Jiřice;červen;766;818;2022;14;;;;;;
Jiřice;červenec;766;809;2022;14;;;;;;
Jiřice;srpen;766;804;2022;14;;;;;;
Jiřice;září;766;791;2022;14;;;;;;
Jiřice;říjen;769;795;2022;14;;;;;;
Jiřice;listopad;769;797;2022;14;;;;;;
Jiřice;prosinec;769;804;2022;14;;;;;;
Jiřice;leden;766;807;2021;14;;;;;;
Jiřice;únor;766;771;2021;14;;;;;;
Jiřice;březen;766;779;2021;14;;;;;;
Jiřice;duben;766;808;2021;14;;;;;;
Jiřice;květen;766;832;2021;14;;;;;;
Jiřice;červen;766;824;2021;14;;;;;;
Jiřice;červenec;766;823;2021;14;;;;;;
Jiřice;srpen;766;816;2021;14;;;;;;
Jiřice;září;766;804;2021;14;;;;;;
Jiřice;říjen;766;812;2021;14;;;;;;
Jiřice;listopad;766;818;2021;14;;;;;;
Jiřice;prosinec;766;819;2021;14;;;;;;
Jiřice;leden;766;870;2020;14;;;;;;
Jiřice;únor;766;876;2020;14;;;;;;
Jiřice;březen;766;910;2020;14;;;;;;
Jiřice;duben;766;885;2020;14;;;;;;
Jiřice;květen;766;851;2020;14;;;;;;
Jiřice;červen;766;838;2020;14;;;;;;
Jiřice;červenec;766;827;2020;14;;;;;;
Jiřice;srpen;766;828;2020;14;;;;;;
Jiřice;září;766;835;2020;14;;;;;;
Jiřice;říjen;766;833;2020;14;;;;;;
Jiřice;listopad;766;834;2020;14;;;;;;
Jiřice;prosinec;766;830;2020;14;;;;;;
Karviná;leden;191;173;2024;15;;;;;;
Karviná;únor;191;169;2024;15;;;;;;
Karviná;březen;191;169;2024;15;;;;;;
Karviná;duben;191;170;2024;15;;;;;;
Karviná;květen;191;173;2024;15;;;;;;
Karviná;červen;191;178;2024;15;;;;;;
Karviná;červenec;191;182;2024;15;;;;;;
Karviná;srpen;191;176;2024;15;;;;;;
Karviná;září;191;180;2024;15;;;;;;
Karviná;říjen;191;171;2024;15;;;;;;
Karviná;listopad;191;176;2024;15;;;;;;
Karviná;prosinec;191;178;2024;15;;;;;;
Karviná;leden;191;179;2023;15;;;;;;
Karviná;únor;191;171;2023;15;;;;;;
Karviná;březen;191;174;2023;15;;;;;;
Karviná;duben;191;175;2023;15;;;;;;
Karviná;květen;191;181;2023;15;;;;;;
Karviná;červen;191;174;2023;15;;;;;;
Karviná;červenec;191;176;2023;15;;;;;;
Karviná;srpen;191;173;2023;15;;;;;;
Karviná;září;191;171;2023;15;;;;;;
Karviná;říjen;191;174;2023;15;;;;;;
Karviná;listopad;191;169;2023;15;;;;;;
Karviná;prosinec;191;174;2023;15;;;;;;
Karviná;leden;191;163;2022;15;;;;;;
Karviná;únor;191;158;2022;15;;;;;;
Karviná;březen;191;174;2022;15;;;;;;
Karviná;duben;191;173;2022;15;;;;;;
Karviná;květen;191;172;2022;15;;;;;;
Karviná;červen;191;171;2022;15;;;;;;
Karviná;červenec;191;170;2022;15;;;;;;
Karviná;srpen;191;177;2022;15;;;;;;
Karviná;září;191;175;2022;15;;;;;;
Karviná;říjen;191;174;2022;15;;;;;;
Karviná;listopad;191;172;2022;15;;;;;;
Karviná;prosinec;191;177;2022;15;;;;;;
Karviná;leden;191;160;2021;15;;;;;;
Karviná;únor;191;153;2021;15;;;;;;
Karviná;březen;191;156;2021;15;;;;;;
Karviná;duben;191;159;2021;15;;;;;;
Karviná;květen;191;155;2021;15;;;;;;
Karviná;červen;191;158;2021;15;;;;;;
Karviná;červenec;191;164;2021;15;;;;;;
Karviná;srpen;191;167;2021;15;;;;;;
Karviná;září;191;173;2021;15;;;;;;
Karviná;říjen;191;164;2021;15;;;;;;
Karviná;listopad;191;177;2021;15;;;;;;
Karviná;prosinec;191;179;2021;15;;;;;;
Karviná;leden;188;187;2020;15;;;;;;
Karviná;únor;188;190;2020;15;;;;;;
Karviná;březen;188;192;2020;15;;;;;;
Karviná;duben;188;184;2020;15;;;;;;
Karviná;květen;188;177;2020;15;;;;;;
Karviná;červen;188;170;2020;15;;;;;;
Karviná;červenec;189;177;2020;15;;;;;;
Karviná;srpen;189;174;2020;15;;;;;;
Karviná;září;189;170;2020;15;;;;;;
Karviná;říjen;191;164;2020;15;;;;;;
Karviná;listopad;191;164;2020;15;;;;;;
Karviná;prosinec;191;165;2020;15;;;;;;
Kuřim;leden;490;521;2024;16;;;;;;
Kuřim;únor;490;519;2024;16;;;;;;
Kuřim;březen;490;525;2024;16;;;;;;
Kuřim;duben;490;505;2024;16;;;;;;
Kuřim;květen;490;519;2024;16;;;;;;
Kuřim;červen;490;514;2024;16;;;;;;
Kuřim;červenec;490;511;2024;16;;;;;;
Kuřim;srpen;490;522;2024;16;;;;;;
Kuřim;září;490;535;2024;16;;;;;;
Kuřim;říjen;490;509;2024;16;;;;;;
Kuřim;listopad;490;514;2024;16;;;;;;
Kuřim;prosinec;490;529;2024;16;;;;;;
Kuřim;leden;490;543;2023;16;;;;;;
Kuřim;únor;490;528;2023;16;;;;;;
Kuřim;březen;490;510;2023;16;;;;;;
Kuřim;duben;490;530;2023;16;;;;;;
Kuřim;květen;490;527;2023;16;;;;;;
Kuřim;červen;490;545;2023;16;;;;;;
Kuřim;červenec;490;552;2023;16;;;;;;
Kuřim;srpen;490;552;2023;16;;;;;;
Kuřim;září;490;526;2023;16;;;;;;
Kuřim;říjen;490;536;2023;16;;;;;;
Kuřim;listopad;490;536;2023;16;;;;;;
Kuřim;prosinec;490;534;2023;16;;;;;;
Kuřim;leden;498;546;2022;16;;;;;;
Kuřim;únor;498;557;2022;16;;;;;;
Kuřim;březen;498;551;2022;16;;;;;;
Kuřim;duben;498;560;2022;16;;;;;;
Kuřim;květen;490;549;2022;16;;;;;;
Kuřim;červen;490;552;2022;16;;;;;;
Kuřim;červenec;490;547;2022;16;;;;;;
Kuřim;srpen;490;536;2022;16;;;;;;
Kuřim;září;490;528;2022;16;;;;;;
Kuřim;říjen;490;530;2022;16;;;;;;
Kuřim;listopad;490;544;2022;16;;;;;;
Kuřim;prosinec;490;549;2022;16;;;;;;
Kuřim;leden;498;557;2021;16;;;;;;
Kuřim;únor;498;553;2021;16;;;;;;
Kuřim;březen;498;552;2021;16;;;;;;
Kuřim;duben;498;546;2021;16;;;;;;
Kuřim;květen;498;557;2021;16;;;;;;
Kuřim;červen;498;554;2021;16;;;;;;
Kuřim;červenec;498;548;2021;16;;;;;;
Kuřim;srpen;498;549;2021;16;;;;;;
Kuřim;září;498;568;2021;16;;;;;;
Kuřim;říjen;498;561;2021;16;;;;;;
Kuřim;listopad;498;550;2021;16;;;;;;
Kuřim;prosinec;498;527;2021;16;;;;;;
Kuřim;leden;498;599;2020;16;;;;;;
Kuřim;únor;498;605;2020;16;;;;;;
Kuřim;březen;498;611;2020;16;;;;;;
Kuřim;duben;498;610;2020;16;;;;;;
Kuřim;květen;498;593;2020;16;;;;;;
Kuřim;červen;498;568;2020;16;;;;;;
Kuřim;červenec;498;570;2020;16;;;;;;
Kuřim;srpen;498;559;2020;16;;;;;;
Kuřim;září;498;561;2020;16;;;;;;
Kuřim;říjen;498;555;2020;16;;;;;;
Kuřim;listopad;498;568;2020;16;;;;;;
Kuřim;prosinec;498;562;2020;16;;;;;;
Kynšperk nad Ohří;leden;818;732;2024;17;;;;;;
Kynšperk nad Ohří;únor;818;749;2024;17;;;;;;
Kynšperk nad Ohří;březen;818;765;2024;17;;;;;;
Kynšperk nad Ohří;duben;818;764;2024;17;;;;;;
Kynšperk nad Ohří;květen;818;787;2024;17;;;;;;
Kynšperk nad Ohří;červen;818;784;2024;17;;;;;;
Kynšperk nad Ohří;červenec;809;815;2024;17;;;;;;
Kynšperk nad Ohří;srpen;809;808;2024;17;;;;;;
Kynšperk nad Ohří;září;809;795;2024;17;;;;;;
Kynšperk nad Ohří;říjen;809;823;2024;17;;;;;;
Kynšperk nad Ohří;listopad;809;834;2024;17;;;;;;
Kynšperk nad Ohří;prosinec;809;837;2024;17;;;;;;
Kynšperk nad Ohří;leden;809;676;2023;17;;;;;;
Kynšperk nad Ohří;únor;809;674;2023;17;;;;;;
Kynšperk nad Ohří;březen;809;765;2023;17;;;;;;
Kynšperk nad Ohří;duben;809;753;2023;17;;;;;;
Kynšperk nad Ohří;květen;809;773;2023;17;;;;;;
Kynšperk nad Ohří;červen;809;753;2023;17;;;;;;
Kynšperk nad Ohří;červenec;809;730;2023;17;;;;;;
Kynšperk nad Ohří;srpen;809;744;2023;17;;;;;;
Kynšperk nad Ohří;září;809;752;2023;17;;;;;;
Kynšperk nad Ohří;říjen;809;752;2023;17;;;;;;
Kynšperk nad Ohří;listopad;809;764;2023;17;;;;;;
Kynšperk nad Ohří;prosinec;809;739;2023;17;;;;;;
Kynšperk nad Ohří;leden;809;517;2022;17;;;;;;
Kynšperk nad Ohří;únor;809;528;2022;17;;;;;;
Kynšperk nad Ohří;březen;809;520;2022;17;;;;;;
Kynšperk nad Ohří;duben;809;520;2022;17;;;;;;
Kynšperk nad Ohří;květen;809;544;2022;17;;;;;;
Kynšperk nad Ohří;červen;809;611;2022;17;;;;;;
Kynšperk nad Ohří;červenec;809;654;2022;17;;;;;;
Kynšperk nad Ohří;srpen;809;673;2022;17;;;;;;
Kynšperk nad Ohří;září;809;677;2022;17;;;;;;
Kynšperk nad Ohří;říjen;809;695;2022;17;;;;;;
Kynšperk nad Ohří;listopad;809;690;2022;17;;;;;;
Kynšperk nad Ohří;prosinec;809;701;2022;17;;;;;;
Kynšperk nad Ohří;leden;618;456;2021;17;;;;;;
Kynšperk nad Ohří;únor;618;469;2021;17;;;;;;
Kynšperk nad Ohří;březen;618;479;2021;17;;;;;;
Kynšperk nad Ohří;duben;685;490;2021;17;;;;;;
Kynšperk nad Ohří;květen;809;510;2021;17;;;;;;
Kynšperk nad Ohří;červen;809;532;2021;17;;;;;;
Kynšperk nad Ohří;červenec;809;533;2021;17;;;;;;
Kynšperk nad Ohří;srpen;809;512;2021;17;;;;;;
Kynšperk nad Ohří;září;809;481;2021;17;;;;;;
Kynšperk nad Ohří;říjen;809;496;2021;17;;;;;;
Kynšperk nad Ohří;listopad;809;522;2021;17;;;;;;
Kynšperk nad Ohří;prosinec;809;534;2021;17;;;;;;
Kynšperk nad Ohří;leden;753;505;2020;17;;;;;;
Kynšperk nad Ohří;únor;618;527;2020;17;;;;;;
Kynšperk nad Ohří;březen;618;537;2020;17;;;;;;
Kynšperk nad Ohří;duben;618;530;2020;17;;;;;;
Kynšperk nad Ohří;květen;618;511;2020;17;;;;;;
Kynšperk nad Ohří;červen;618;497;2020;17;;;;;;
Kynšperk nad Ohří;červenec;618;484;2020;17;;;;;;
Kynšperk nad Ohří;srpen;618;476;2020;17;;;;;;
Kynšperk nad Ohří;září;618;462;2020;17;;;;;;
Kynšperk nad Ohří;říjen;618;449;2020;17;;;;;;
Kynšperk nad Ohří;listopad;618;439;2020;17;;;;;;
Kynšperk nad Ohří;prosinec;618;417;2020;17;;;;;;
Liberec;leden;225;215;2024;4;87.0;;;61.0;;
Liberec;únor;225;214;2024;4;87.0;;;61.0;;
Liberec;březen;225;212;2024;4;87.0;;;66.0;;
Liberec;duben;225;223;2024;4;87.0;;;75.0;;
Liberec;květen;225;219;2024;4;87.0;;;73.0;;
Liberec;červen;225;212;2024;4;87.0;;;76.0;;
Liberec;červenec;225;205;2024;4;87.0;;;78.0;;
Liberec;srpen;225;204;2024;4;87.0;;;68.0;;
Liberec;září;225;208;2024;4;87.0;;;62.0;;
Liberec;říjen;225;221;2024;4;87.0;;;58.0;;
Liberec;listopad;225;220;2024;4;87.0;;;64.0;;
Liberec;prosinec;225;202;2024;4;87.0;;;56.0;;
Liberec;leden;225;231;2023;4;87.0;;;70.0;;
Liberec;únor;225;236;2023;4;87.0;;;78.0;;
Liberec;březen;225;233;2023;4;87.0;;;73.0;;
Liberec;duben;225;218;2023;4;87.0;;;86.0;;
Liberec;květen;225;218;2023;4;87.0;;;87.0;;
Liberec;červen;225;222;2023;4;87.0;;;83.0;;
Liberec;červenec;225;238;2023;4;87.0;;;72.0;;
Liberec;srpen;225;225;2023;4;87.0;;;85.0;;
Liberec;září;225;243;2023;4;87.0;;;81.0;;
Liberec;říjen;225;229;2023;4;87.0;;;70.0;;
Liberec;listopad;225;214;2023;4;87.0;;;62.0;;
Liberec;prosinec;225;226;2023;4;87.0;;;60.0;;
Liberec;leden;225;229;2022;4;87.0;;;80.0;;
Liberec;únor;225;236;2022;4;87.0;;;73.0;;
Liberec;březen;225;243;2022;4;87.0;;;74.0;;
Liberec;duben;225;222;2022;4;87.0;;;67.0;;
Liberec;květen;225;229;2022;4;87.0;;;62.0;;
Liberec;červen;225;206;2022;4;87.0;;;59.0;;
Liberec;červenec;225;219;2022;4;87.0;;;67.0;;
Liberec;srpen;225;201;2022;4;87.0;;;70.0;;
Liberec;září;225;217;2022;4;87.0;;;73.0;;
Liberec;říjen;225;219;2022;4;87.0;;;65.0;;
Liberec;listopad;225;224;2022;4;87.0;;;71.0;;
Liberec;prosinec;225;220;2022;4;87.0;;;64.0;;
Liberec;leden;225;202;2021;4;87.0;;;71.0;;
Liberec;únor;225;199;2021;4;87.0;;;60.0;;
Liberec;březen;225;221;2021;4;87.0;;;52.0;;
Liberec;duben;225;205;2021;4;87.0;;;37.0;;
Liberec;květen;225;203;2021;4;87.0;;;44.0;;
Liberec;červen;225;197;2021;4;87.0;;;50.0;;
Liberec;červenec;225;202;2021;4;87.0;;;53.0;;
Liberec;srpen;225;219;2021;4;87.0;;;60.0;;
Liberec;září;225;219;2021;4;87.0;;;64.0;;
Liberec;říjen;225;212;2021;4;87.0;;;58.0;;
Liberec;listopad;225;202;2021;4;87.0;;;58.0;;
Liberec;prosinec;225;216;2021;4;87.0;;;69.0;;
Liberec;leden;227;225;2020;4;87.0;;;110.0;;
Liberec;únor;227;222;2020;4;87.0;;;105.0;;
Liberec;březen;227;208;2020;4;87.0;;;91.0;;
Liberec;duben;227;209;2020;4;87.0;;;90.0;;
Liberec;květen;227;213;2020;4;87.0;;;79.0;;
Liberec;červen;225;215;2020;4;87.0;;;90.0;;
Liberec;červenec;225;216;2020;4;87.0;;;82.0;;
Liberec;srpen;225;218;2020;4;87.0;;;74.0;;
Liberec;září;225;211;2020;4;87.0;;;67.0;;
Liberec;říjen;225;217;2020;4;87.0;;;60.0;;
Liberec;listopad;225;203;2020;4;87.0;;;74.0;;
Liberec;prosinec;225;184;2020;4;87.0;;;71.0;;
Litoměřice;leden;193;186;2024;5;127.0;;;108.0;;
Litoměřice;únor;214;172;2024;5;128.0;;;109.0;;
Litoměřice;březen;214;173;2024;5;128.0;;;114.0;;
Litoměřice;duben;214;188;2024;5;128.0;;;116.0;;
Litoměřice;květen;214;190;2024;5;128.0;;;134.0;;
Litoměřice;červen;214;190;2024;5;128.0;;;127.0;;
Litoměřice;červenec;214;199;2024;5;128.0;;;121.0;;
Litoměřice;srpen;214;164;2024;5;128.0;;;123.0;;
Litoměřice;září;214;177;2024;5;128.0;;;125.0;;
Litoměřice;říjen;214;198;2024;5;128.0;;;118.0;;
Litoměřice;listopad;214;168;2024;5;128.0;;;118.0;;
Litoměřice;prosinec;214;148;2024;5;128.0;;;119.0;;
Litoměřice;leden;193;189;2023;5;127.0;;;100.0;;
Litoměřice;únor;193;199;2023;5;127.0;;;101.0;;
Litoměřice;březen;193;175;2023;5;127.0;;;111.0;;
Litoměřice;duben;193;193;2023;5;127.0;;;129.0;;
Litoměřice;květen;193;192;2023;5;127.0;;;122.0;;
Litoměřice;červen;193;175;2023;5;127.0;;;116.0;;
Litoměřice;červenec;193;190;2023;5;127.0;;;118.0;;
Litoměřice;srpen;193;154;2023;5;127.0;;;124.0;;
Litoměřice;září;193;194;2023;5;127.0;;;126.0;;
Litoměřice;říjen;193;162;2023;5;127.0;;;133.0;;
Litoměřice;listopad;193;184;2023;5;127.0;;;128.0;;
Litoměřice;prosinec;193;182;2023;5;127.0;;;115.0;;
Litoměřice;leden;174;210;2022;5;146.0;;;101.0;;
Litoměřice;únor;174;225;2022;5;146.0;;;108.0;;
Litoměřice;březen;193;222;2022;5;127.0;;;117.0;;
Litoměřice;duben;193;245;2022;5;127.0;;;119.0;;
Litoměřice;květen;193;153;2022;5;127.0;;;138.0;;
Litoměřice;červen;193;146;2022;5;127.0;;;136.0;;
Litoměřice;červenec;193;160;2022;5;127.0;;;126.0;;
Litoměřice;srpen;193;175;2022;5;127.0;;;125.0;;
Litoměřice;září;193;186;2022;5;127.0;;;130.0;;
Litoměřice;říjen;193;178;2022;5;127.0;;;116.0;;
Litoměřice;listopad;193;178;2022;5;127.0;;;110.0;;
Litoměřice;prosinec;193;160;2022;5;127.0;;;103.0;;
Litoměřice;leden;136;183;2021;5;166.0;;;153.0;;
Litoměřice;únor;154;202;2021;5;166.0;;;130.0;;
Litoměřice;březen;154;227;2021;5;166.0;;;124.0;;
Litoměřice;duben;154;198;2021;5;166.0;;;116.0;;
Litoměřice;květen;154;162;2021;5;166.0;;;117.0;;
Litoměřice;červen;174;159;2021;5;146.0;;;116.0;;
Litoměřice;červenec;174;177;2021;5;146.0;;;116.0;;
Litoměřice;srpen;174;179;2021;5;146.0;;;114.0;;
Litoměřice;září;174;204;2021;5;146.0;;;103.0;;
Litoměřice;říjen;174;196;2021;5;146.0;;;104.0;;
Litoměřice;listopad;174;166;2021;5;146.0;;;111.0;;
Litoměřice;prosinec;174;169;2021;5;146.0;;;110.0;;
Litoměřice;leden;136;184;2020;5;166.0;;;140.0;;
Litoměřice;únor;136;173;2020;5;166.0;;;153.0;;
Litoměřice;březen;136;121;2020;5;166.0;;;147.0;;
Litoměřice;duben;136;144;2020;5;166.0;;;169.0;;
Litoměřice;květen;136;150;2020;5;166.0;;;174.0;;
Litoměřice;červen;136;186;2020;5;166.0;;;174.0;;
Litoměřice;červenec;136;167;2020;5;166.0;;;161.0;;
Litoměřice;srpen;136;166;2020;5;166.0;;;171.0;;
Litoměřice;září;136;178;2020;5;166.0;;;179.0;;
Litoměřice;říjen;136;171;2020;5;166.0;;;168.0;;
Litoměřice;listopad;136;163;2020;5;166.0;;;157.0;;
Litoměřice;prosinec;136;141;2020;5;166.0;;;154.0;;
Mírov;leden;381;443;2024;18;;;;;;
Mírov;únor;381;449;2024;18;;;;;;
Mírov;březen;381;452;2024;18;;;;;;
Mírov;duben;381;448;2024;18;;;;;;
Mírov;květen;401;446;2024;18;;;;;;
Mírov;červen;401;432;2024;18;;;;;;
Mírov;červenec;401;437;2024;18;;;;;;
Mírov;srpen;401;441;2024;18;;;;;;
Mírov;září;401;447;2024;18;;;;;;
Mírov;říjen;401;439;2024;18;;;;;;
Mírov;listopad;401;419;2024;18;;;;;;
Mírov;prosinec;401;421;2024;18;;;;;;
Mírov;leden;384;423;2023;18;;;;;;
Mírov;únor;384;422;2023;18;;;;;;
Mírov;březen;384;425;2023;18;;;;;;
Mírov;duben;384;431;2023;18;;;;;;
Mírov;květen;384;430;2023;18;;;;;;
Mírov;červen;384;447;2023;18;;;;;;
Mírov;červenec;384;449;2023;18;;;;;;
Mírov;srpen;384;445;2023;18;;;;;;
Mírov;září;384;438;2023;18;;;;;;
Mírov;říjen;384;437;2023;18;;;;;;
Mírov;listopad;384;435;2023;18;;;;;;
Mírov;prosinec;381;441;2023;18;;;;;;
Mírov;leden;384;426;2022;18;;;;;;
Mírov;únor;384;425;2022;18;;;;;;
Mírov;březen;384;430;2022;18;;;;;;
Mírov;duben;384;434;2022;18;;;;;;
Mírov;květen;384;422;2022;18;;;;;;
Mírov;červen;384;422;2022;18;;;;;;
Mírov;červenec;384;427;2022;18;;;;;;
Mírov;srpen;384;421;2022;18;;;;;;
Mírov;září;384;426;2022;18;;;;;;
Mírov;říjen;384;428;2022;18;;;;;;
Mírov;listopad;384;424;2022;18;;;;;;
Mírov;prosinec;384;428;2022;18;;;;;;
Mírov;leden;384;420;2021;18;;;;;;
Mírov;únor;384;427;2021;18;;;;;;
Mírov;březen;384;422;2021;18;;;;;;
Mírov;duben;384;425;2021;18;;;;;;
Mírov;květen;384;424;2021;18;;;;;;
Mírov;červen;384;414;2021;18;;;;;;
Mírov;červenec;384;410;2021;18;;;;;;
Mírov;srpen;384;421;2021;18;;;;;;
Mírov;září;384;428;2021;18;;;;;;
Mírov;říjen;384;427;2021;18;;;;;;
Mírov;listopad;384;431;2021;18;;;;;;
Mírov;prosinec;384;433;2021;18;;;;;;
Mírov;leden;385;439;2020;18;;;;;;
Mírov;únor;385;440;2020;18;;;;;;
Mírov;březen;385;450;2020;18;;;;;;
Mírov;duben;385;452;2020;18;;;;;;
Mírov;květen;385;455;2020;18;;;;;;
Mírov;červen;385;442;2020;18;;;;;;
Mírov;červenec;384;443;2020;18;;;;;;
Mírov;srpen;384;441;2020;18;;;;;;
Mírov;září;384;435;2020;18;;;;;;
Mírov;říjen;384;436;2020;18;;;;;;
Mírov;listopad;384;428;2020;18;;;;;;
Mírov;prosinec;384;422;2020;18;;;;;;
Nové Sedlo;leden;583;584;2024;19;;;;;;
Nové Sedlo;únor;583;580;2024;19;;;;;;
Nové Sedlo;březen;583;584;2024;19;;;;;;
Nové Sedlo;duben;583;587;2024;19;;;;;;
Nové Sedlo;květen;583;579;2024;19;;;;;;
Nové Sedlo;červen;583;583;2024;19;;;;;;
Nové Sedlo;červenec;582;602;2024;19;;;;;;
Nové Sedlo;srpen;582;610;2024;19;;;;;;
Nové Sedlo;září;582;582;2024;19;;;;;;
Nové Sedlo;říjen;582;590;2024;19;;;;;;
Nové Sedlo;listopad;582;580;2024;19;;;;;;
Nové Sedlo;prosinec;582;602;2024;19;;;;;;
Nové Sedlo;leden;583;526;2023;19;;;;;;
Nové Sedlo;únor;583;533;2023;19;;;;;;
Nové Sedlo;březen;583;543;2023;19;;;;;;
Nové Sedlo;duben;583;554;2023;19;;;;;;
Nové Sedlo;květen;583;542;2023;19;;;;;;
Nové Sedlo;červen;583;562;2023;19;;;;;;
Nové Sedlo;červenec;583;550;2023;19;;;;;;
Nové Sedlo;srpen;583;556;2023;19;;;;;;
Nové Sedlo;září;583;552;2023;19;;;;;;
Nové Sedlo;říjen;583;579;2023;19;;;;;;
Nové Sedlo;listopad;583;565;2023;19;;;;;;
Nové Sedlo;prosinec;583;587;2023;19;;;;;;
Nové Sedlo;leden;583;557;2022;19;;;;;;
Nové Sedlo;únor;583;527;2022;19;;;;;;
Nové Sedlo;březen;583;540;2022;19;;;;;;
Nové Sedlo;duben;583;527;2022;19;;;;;;
Nové Sedlo;květen;583;503;2022;19;;;;;;
Nové Sedlo;červen;583;513;2022;19;;;;;;
Nové Sedlo;červenec;583;506;2022;19;;;;;;
Nové Sedlo;srpen;583;505;2022;19;;;;;;
Nové Sedlo;září;583;512;2022;19;;;;;;
Nové Sedlo;říjen;583;534;2022;19;;;;;;
Nové Sedlo;listopad;583;525;2022;19;;;;;;
Nové Sedlo;prosinec;583;546;2022;19;;;;;;
Nové Sedlo;leden;583;564;2021;19;;;;;;
Nové Sedlo;únor;583;584;2021;19;;;;;;
Nové Sedlo;březen;583;579;2021;19;;;;;;
Nové Sedlo;duben;583;568;2021;19;;;;;;
Nové Sedlo;květen;583;584;2021;19;;;;;;
Nové Sedlo;červen;583;572;2021;19;;;;;;
Nové Sedlo;červenec;583;571;2021;19;;;;;;
Nové Sedlo;srpen;583;549;2021;19;;;;;;
Nové Sedlo;září;583;554;2021;19;;;;;;
Nové Sedlo;říjen;583;550;2021;19;;;;;;
Nové Sedlo;listopad;583;530;2021;19;;;;;;
Nové Sedlo;prosinec;583;550;2021;19;;;;;;
Nové Sedlo;leden;583;607;2020;19;;;;;;
Nové Sedlo;únor;583;622;2020;19;;;;;;
Nové Sedlo;březen;583;626;2020;19;;;;;;
Nové Sedlo;duben;583;604;2020;19;;;;;;
Nové Sedlo;květen;583;588;2020;19;;;;;;
Nové Sedlo;červen;583;570;2020;19;;;;;;
Nové Sedlo;červenec;583;583;2020;19;;;;;;
Nové Sedlo;srpen;583;588;2020;19;;;;;;
Nové Sedlo;září;583;574;2020;19;;;;;;
Nové Sedlo;říjen;583;561;2020;19;;;;;;
Nové Sedlo;listopad;583;572;2020;19;;;;;;
Nové Sedlo;prosinec;583;575;2020;19;;;;;;
Odolov;leden;325;286;2024;20;;;;;;
Odolov;únor;325;291;2024;20;;;;;;
Odolov;březen;325;282;2024;20;;;;;;
Odolov;duben;325;277;2024;20;;;;;;
Odolov;květen;325;271;2024;20;;;;;;
Odolov;červen;325;276;2024;20;;;;;;
Odolov;červenec;331;262;2024;20;;;;;;
Odolov;srpen;331;270;2024;20;;;;;;
Odolov;září;331;260;2024;20;;;;;;
Odolov;říjen;331;265;2024;20;;;;;;
Odolov;listopad;331;283;2024;20;;;;;;
Odolov;prosinec;331;294;2024;20;;;;;;
Odolov;leden;325;269;2023;20;;;;;;
Odolov;únor;325;295;2023;20;;;;;;
Odolov;březen;325;307;2023;20;;;;;;
Odolov;duben;325;304;2023;20;;;;;;
Odolov;květen;325;301;2023;20;;;;;;
Odolov;červen;325;299;2023;20;;;;;;
Odolov;červenec;325;295;2023;20;;;;;;
Odolov;srpen;325;298;2023;20;;;;;;
Odolov;září;325;295;2023;20;;;;;;
Odolov;říjen;325;289;2023;20;;;;;;
Odolov;listopad;325;292;2023;20;;;;;;
Odolov;prosinec;325;286;2023;20;;;;;;
Odolov;leden;295;234;2022;20;;;;;;
Odolov;únor;295;248;2022;20;;;;;;
Odolov;březen;295;262;2022;20;;;;;;
Odolov;duben;295;281;2022;20;;;;;;
Odolov;květen;295;275;2022;20;;;;;;
Odolov;červen;325;280;2022;20;;;;;;
Odolov;červenec;325;267;2022;20;;;;;;
Odolov;srpen;325;259;2022;20;;;;;;
Odolov;září;325;263;2022;20;;;;;;
Odolov;říjen;325;251;2022;20;;;;;;
Odolov;listopad;325;247;2022;20;;;;;;
Odolov;prosinec;325;269;2022;20;;;;;;
Odolov;leden;295;261;2021;20;;;;;;
Odolov;únor;295;243;2021;20;;;;;;
Odolov;březen;295;246;2021;20;;;;;;
Odolov;duben;295;286;2021;20;;;;;;
Odolov;květen;295;271;2021;20;;;;;;
Odolov;červen;295;241;2021;20;;;;;;
Odolov;červenec;295;248;2021;20;;;;;;
Odolov;srpen;295;248;2021;20;;;;;;
Odolov;září;295;232;2021;20;;;;;;
Odolov;říjen;295;230;2021;20;;;;;;
Odolov;listopad;295;239;2021;20;;;;;;
Odolov;prosinec;295;257;2021;20;;;;;;
Odolov;leden;298;316;2020;20;;;;;;
Odolov;únor;298;315;2020;20;;;;;;
Odolov;březen;298;330;2020;20;;;;;;
Odolov;duben;298;323;2020;20;;;;;;
Odolov;květen;298;300;2020;20;;;;;;
Odolov;červen;298;284;2020;20;;;;;;
Odolov;červenec;298;274;2020;20;;;;;;
Odolov;srpen;298;277;2020;20;;;;;;
Odolov;září;298;257;2020;20;;;;;;
Odolov;říjen;295;251;2020;20;;;;;;
Odolov;listopad;295;251;2020;20;;;;;;
Odolov;prosinec;295;253;2020;20;;;;;;
Olomouc;leden;144;137;2024;6;120.0;;;105.0;;
Olomouc;únor;144;112;2024;6;120.0;;;115.0;;
Olomouc;březen;144;131;2024;6;120.0;;;128.0;;
Olomouc;duben;144;142;2024;6;120.0;;;113.0;;
Olomouc;květen;144;128;2024;6;120.0;;;114.0;;
Olomouc;červen;144;125;2024;6;120.0;;;125.0;;
Olomouc;červenec;144;143;2024;6;120.0;;;129.0;;
Olomouc;srpen;144;127;2024;6;120.0;;;123.0;;
Olomouc;září;144;129;2024;6;120.0;;;114.0;;
Olomouc;říjen;144;137;2024;6;120.0;;;118.0;;
Olomouc;listopad;144;122;2024;6;120.0;;;117.0;;
Olomouc;prosinec;144;105;2024;6;120.0;;;119.0;;
Olomouc;leden;144;147;2023;6;120.0;;;109.0;;
Olomouc;únor;144;130;2023;6;120.0;;;116.0;;
Olomouc;březen;144;145;2023;6;120.0;;;107.0;;
Olomouc;duben;144;149;2023;6;120.0;;;101.0;;
Olomouc;květen;144;134;2023;6;120.0;;;102.0;;
Olomouc;červen;144;130;2023;6;120.0;;;98.0;;
Olomouc;červenec;144;136;2023;6;120.0;;;90.0;;
Olomouc;srpen;144;125;2023;6;120.0;;;86.0;;
Olomouc;září;144;131;2023;6;120.0;;;89.0;;
Olomouc;říjen;144;138;2023;6;120.0;;;99.0;;
Olomouc;listopad;144;116;2023;6;120.0;;;102.0;;
Olomouc;prosinec;144;108;2023;6;120.0;;;106.0;;
Olomouc;leden;144;133;2022;6;120.0;;;79.0;;
Olomouc;únor;144;129;2022;6;120.0;;;77.0;;
Olomouc;březen;144;99;2022;6;120.0;;;79.0;;
Olomouc;duben;144;119;2022;6;120.0;;;83.0;;
Olomouc;květen;144;120;2022;6;120.0;;;89.0;;
Olomouc;červen;144;116;2022;6;120.0;;;90.0;;
Olomouc;červenec;144;124;2022;6;120.0;;;87.0;;
Olomouc;srpen;144;125;2022;6;120.0;;;80.0;;
Olomouc;září;144;133;2022;6;120.0;;;94.0;;
Olomouc;říjen;144;129;2022;6;120.0;;;83.0;;
Olomouc;listopad;144;130;2022;6;120.0;;;103.0;;
Olomouc;prosinec;144;113;2022;6;120.0;;;104.0;;
Olomouc;leden;144;111;2021;6;120.0;;;116.0;;
Olomouc;únor;144;131;2021;6;120.0;;;101.0;;
Olomouc;březen;144;125;2021;6;120.0;;;89.0;;
Olomouc;duben;144;111;2021;6;120.0;;;71.0;;
Olomouc;květen;144;124;2021;6;120.0;;;73.0;;
Olomouc;červen;144;122;2021;6;120.0;;;76.0;;
Olomouc;červenec;144;132;2021;6;120.0;;;82.0;;
Olomouc;srpen;144;107;2021;6;120.0;;;90.0;;
Olomouc;září;144;136;2021;6;120.0;;;100.0;;
Olomouc;říjen;144;136;2021;6;120.0;;;84.0;;
Olomouc;listopad;144;128;2021;6;120.0;;;90.0;;
Olomouc;prosinec;144;113;2021;6;120.0;;;77.0;;
Olomouc;leden;144;145;2020;6;120.0;;;126.0;;
Olomouc;únor;144;146;2020;6;120.0;;;126.0;;
Olomouc;březen;144;110;2020;6;120.0;;;117.0;;
Olomouc;duben;144;104;2020;6;120.0;;;119.0;;
Olomouc;květen;144;110;2020;6;120.0;;;119.0;;
Olomouc;červen;144;112;2020;6;120.0;;;115.0;;
Olomouc;červenec;144;120;2020;6;120.0;;;110.0;;
Olomouc;srpen;144;108;2020;6;120.0;;;95.0;;
Olomouc;září;144;119;2020;6;120.0;;;114.0;;
Olomouc;říjen;144;113;2020;6;120.0;;;115.0;;
Olomouc;listopad;144;109;2020;6;120.0;;;92.0;;
Olomouc;prosinec;144;106;2020;6;120.0;;;97.0;;
Opava;leden;50;47;2024;21;252.0;;;204.0;;
Opava;únor;50;46;2024;21;243.0;;;214.0;;
Opava;březen;50;48;2024;21;243.0;;;226.0;;
Opava;duben;50;48;2024;21;243.0;;;231.0;;
Opava;květen;50;48;2024;21;243.0;;;224.0;;
Opava;červen;65;65;2024;21;243.0;;;226.0;;
Opava;červenec;65;64;2024;21;243.0;;;231.0;;
Opava;srpen;65;64;2024;21;243.0;;;231.0;;
Opava;září;65;63;2024;21;243.0;;;235.0;;
Opava;říjen;65;61;2024;21;243.0;;;222.0;;
Opava;listopad;65;60;2024;21;243.0;;;226.0;;
Opava;prosinec;65;60;2024;21;243.0;;;224.0;;
Opava;leden;50;50;2023;21;270.0;;;209.0;;
Opava;únor;50;50;2023;21;270.0;;;217.0;;
Opava;březen;50;50;2023;21;270.0;;;221.0;;
Opava;duben;50;49;2023;21;270.0;;;219.0;;
Opava;květen;65;48;2023;21;238.0;;;218.0;;
Opava;červen;50;47;2023;21;238.0;;;227.0;;
Opava;červenec;50;47;2023;21;238.0;;;223.0;;
Opava;srpen;50;47;2023;21;252.0;;;221.0;;
Opava;září;50;47;2023;21;252.0;;;226.0;;
Opava;říjen;50;46;2023;21;252.0;;;229.0;;
Opava;listopad;50;49;2023;21;226.0;;;201.0;;
Opava;prosinec;50;47;2023;21;226.0;;;210.0;;
Opava;leden;50;49;2022;21;270.0;;;249.0;;
Opava;únor;50;49;2022;21;270.0;;;240.0;;
Opava;březen;50;48;2022;21;270.0;;;243.0;;
Opava;duben;50;49;2022;21;270.0;;;238.0;;
Opava;květen;50;49;2022;21;270.0;;;226.0;;
Opava;červen;50;49;2022;21;270.0;;;217.0;;
Opava;červenec;50;49;2022;21;270.0;;;218.0;;
Opava;srpen;50;49;2022;21;270.0;;;214.0;;
Opava;září;50;49;2022;21;270.0;;;210.0;;
Opava;říjen;50;46;2022;21;270.0;;;215.0;;
Opava;listopad;50;49;2022;21;270.0;;;220.0;;
Opava;prosinec;50;49;2022;21;270.0;;;217.0;;
Opava;leden;50;54;2021;21;270.0;;;239.0;;
Opava;únor;50;54;2021;21;270.0;;;231.0;;
Opava;březen;50;53;2021;21;270.0;;;227.0;;
Opava;duben;50;53;2021;21;270.0;;;232.0;;
Opava;květen;50;53;2021;21;270.0;;;237.0;;
Opava;červen;50;54;2021;21;270.0;;;236.0;;
Opava;červenec;50;52;2021;21;270.0;;;238.0;;
Opava;srpen;50;54;2021;21;270.0;;;241.0;;
Opava;září;50;53;2021;21;270.0;;;250.0;;
Opava;říjen;50;53;2021;21;270.0;;;256.0;;
Opava;listopad;50;54;2021;21;270.0;;;257.0;;
Opava;prosinec;50;54;2021;21;270.0;;;255.0;;
Opava;leden;50;50;2020;21;269.0;;;267.0;;
Opava;únor;50;49;2020;21;269.0;;;265.0;;
Opava;březen;50;50;2020;21;269.0;;;262.0;;
Opava;duben;50;54;2020;21;269.0;;;251.0;;
Opava;květen;50;54;2020;21;269.0;;;243.0;;
Opava;červen;50;53;2020;21;269.0;;;241.0;;
Opava;červenec;50;52;2020;21;270.0;;;237.0;;
Opava;srpen;50;52;2020;21;270.0;;;245.0;;
Opava;září;50;52;2020;21;270.0;;;235.0;;
Opava;říjen;50;52;2020;21;270.0;;;236.0;;
Opava;listopad;50;52;2020;21;270.0;;;235.0;;
Opava;prosinec;50;54;2020;21;270.0;;;236.0;;
Oráčov;leden;464;548;2024;22;;;;;;
Oráčov;únor;464;559;2024;22;;;;;;
Oráčov;březen;464;544;2024;22;;;;;;
Oráčov;duben;464;534;2024;22;;;;;;
Oráčov;květen;464;522;2024;22;;;;;;
Oráčov;červen;464;528;2024;22;;;;;;
Oráčov;červenec;464;549;2024;22;;;;;;
Oráčov;srpen;464;543;2024;22;;;;;;
Oráčov;září;464;543;2024;22;;;;;;
Oráčov;říjen;464;545;2024;22;;;;;;
Oráčov;listopad;464;557;2024;22;;;;;;
Oráčov;prosinec;464;564;2024;22;;;;;;
Oráčov;leden;464;473;2023;22;;;;;;
Oráčov;únor;464;486;2023;22;;;;;;
Oráčov;březen;464;503;2023;22;;;;;;
Oráčov;duben;464;512;2023;22;;;;;;
Oráčov;květen;464;517;2023;22;;;;;;
Oráčov;červen;464;535;2023;22;;;;;;
Oráčov;červenec;464;531;2023;22;;;;;;
Oráčov;srpen;464;536;2023;22;;;;;;
Oráčov;září;464;534;2023;22;;;;;;
Oráčov;říjen;464;540;2023;22;;;;;;
Oráčov;listopad;464;556;2023;22;;;;;;
Oráčov;prosinec;464;568;2023;22;;;;;;
Oráčov;leden;464;493;2022;22;;;;;;
Oráčov;únor;464;495;2022;22;;;;;;
Oráčov;březen;464;500;2022;22;;;;;;
Oráčov;duben;464;502;2022;22;;;;;;
Oráčov;květen;464;503;2022;22;;;;;;
Oráčov;červen;464;516;2022;22;;;;;;
Oráčov;červenec;464;491;2022;22;;;;;;
Oráčov;srpen;464;492;2022;22;;;;;;
Oráčov;září;464;480;2022;22;;;;;;
Oráčov;říjen;464;488;2022;22;;;;;;
Oráčov;listopad;464;483;2022;22;;;;;;
Oráčov;prosinec;464;495;2022;22;;;;;;
Oráčov;leden;476;488;2021;22;;;;;;
Oráčov;únor;397;468;2021;22;;;;;;
Oráčov;březen;397;448;2021;22;;;;;;
Oráčov;duben;397;419;2021;22;;;;;;
Oráčov;květen;397;405;2021;22;;;;;;
Oráčov;červen;397;391;2021;22;;;;;;
Oráčov;červenec;464;417;2021;22;;;;;;
Oráčov;srpen;464;442;2021;22;;;;;;
Oráčov;září;464;436;2021;22;;;;;;
Oráčov;říjen;464;446;2021;22;;;;;;
Oráčov;listopad;464;458;2021;22;;;;;;
Oráčov;prosinec;464;482;2021;22;;;;;;
Oráčov;leden;476;588;2020;22;;;;;;
Oráčov;únor;476;613;2020;22;;;;;;
Oráčov;březen;476;631;2020;22;;;;;;
Oráčov;duben;476;603;2020;22;;;;;;
Oráčov;květen;476;572;2020;22;;;;;;
Oráčov;červen;476;543;2020;22;;;;;;
Oráčov;červenec;476;556;2020;22;;;;;;
Oráčov;srpen;476;541;2020;22;;;;;;
Oráčov;září;476;552;2020;22;;;;;;
Oráčov;říjen;476;549;2020;22;;;;;;
Oráčov;listopad;476;548;2020;22;;;;;;
Oráčov;prosinec;476;539;2020;22;;;;;;
Ostrava;leden;222;230;2024;7;245.0;;;205.0;;
Ostrava;únor;222;189;2024;7;245.0;;;218.0;;
Ostrava;březen;222;197;2024;7;245.0;;;208.0;;
Ostrava;duben;222;202;2024;7;245.0;;;210.0;;
Ostrava;květen;222;204;2024;7;245.0;;;211.0;;
Ostrava;červen;222;212;2024;7;245.0;;;204.0;;
Ostrava;červenec;222;204;2024;7;245.0;;;206.0;;
Ostrava;srpen;222;207;2024;7;245.0;;;213.0;;
Ostrava;září;219;226;2024;7;254.0;;;196.0;;
Ostrava;říjen;219;219;2024;7;254.0;;;201.0;;
Ostrava;listopad;219;217;2024;7;254.0;;;219.0;;
Ostrava;prosinec;219;180;2024;7;254.0;;;215.0;;
Ostrava;leden;222;223;2023;7;245.0;;;230.0;;
Ostrava;únor;222;231;2023;7;245.0;;;234.0;;
Ostrava;březen;222;230;2023;7;245.0;;;250.0;;
Ostrava;duben;222;245;2023;7;245.0;;;231.0;;
Ostrava;květen;222;215;2023;7;245.0;;;238.0;;
Ostrava;červen;222;233;2023;7;245.0;;;231.0;;
Ostrava;červenec;222;216;2023;7;245.0;;;239.0;;
Ostrava;srpen;222;201;2023;7;245.0;;;219.0;;
Ostrava;září;222;221;2023;7;245.0;;;209.0;;
Ostrava;říjen;222;202;2023;7;245.0;;;226.0;;
Ostrava;listopad;222;206;2023;7;245.0;;;221.0;;
Ostrava;prosinec;222;171;2023;7;245.0;;;224.0;;
Ostrava;leden;213;246;2022;7;248.0;;;209.0;;
Ostrava;únor;213;229;2022;7;248.0;;;223.0;;
Ostrava;březen;213;224;2022;7;248.0;;;233.0;;
Ostrava;duben;213;238;2022;7;248.0;;;225.0;;
Ostrava;květen;222;228;2022;7;245.0;;;213.0;;
Ostrava;červen;222;209;2022;7;245.0;;;202.0;;
Ostrava;červenec;222;225;2022;7;245.0;;;209.0;;
Ostrava;srpen;222;248;2022;7;245.0;;;201.0;;
Ostrava;září;222;257;2022;7;245.0;;;199.0;;
Ostrava;říjen;222;237;2022;7;245.0;;;212.0;;
Ostrava;listopad;222;224;2022;7;245.0;;;218.0;;
Ostrava;prosinec;222;176;2022;7;245.0;;;227.0;;
Ostrava;leden;233;217;2021;7;228.0;;;237.0;;
Ostrava;únor;233;226;2021;7;228.0;;;241.0;;
Ostrava;březen;233;221;2021;7;228.0;;;218.0;;
Ostrava;duben;213;245;2021;7;248.0;;;223.0;;
Ostrava;květen;213;211;2021;7;248.0;;;221.0;;
Ostrava;červen;213;220;2021;7;248.0;;;209.0;;
Ostrava;červenec;213;209;2021;7;248.0;;;218.0;;
Ostrava;srpen;213;211;2021;7;248.0;;;212.0;;
Ostrava;září;213;189;2021;7;248.0;;;222.0;;
Ostrava;říjen;213;233;2021;7;248.0;;;212.0;;
Ostrava;listopad;213;218;2021;7;248.0;;;217.0;;
Ostrava;prosinec;213;195;2021;7;248.0;;;225.0;;
Ostrava;leden;213;244;2020;7;249.0;;;267.0;;
Ostrava;únor;213;239;2020;7;249.0;;;291.0;;
Ostrava;březen;213;185;2020;7;249.0;;;288.0;;
Ostrava;duben;213;200;2020;7;249.0;;;294.0;;
Ostrava;květen;213;232;2020;7;249.0;;;291.0;;
Ostrava;červen;213;219;2020;7;249.0;;;281.0;;
Ostrava;červenec;213;213;2020;7;249.0;;;291.0;;
Ostrava;srpen;213;222;2020;7;249.0;;;275.0;;
Ostrava;září;213;226;2020;7;249.0;;;260.0;;
Ostrava;říjen;213;219;2020;7;249.0;;;263.0;;
Ostrava;listopad;233;195;2020;7;229.0;;;270.0;;
Ostrava;prosinec;233;186;2020;7;228.0;;;246.0;;
Ostrov;leden;1035;958;2024;23;50.0;;;43.0;;
Ostrov;únor;1035;976;2024;23;50.0;;;39.0;;
Ostrov;březen;1035;974;2024;23;50.0;;;42.0;;
Ostrov;duben;1035;986;2024;23;50.0;;;46.0;;
Ostrov;květen;1035;996;2024;23;50.0;;;49.0;;
Ostrov;červen;1035;977;2024;23;50.0;;;43.0;;
Ostrov;červenec;1035;988;2024;23;50.0;;;35.0;;
Ostrov;srpen;1035;935;2024;23;50.0;;;40.0;;
Ostrov;září;1041;940;2024;23;49.0;;;40.0;;
Ostrov;říjen;1041;938;2024;23;49.0;;;46.0;;
Ostrov;listopad;1041;938;2024;23;49.0;;;42.0;;
Ostrov;prosinec;1041;939;2024;23;49.0;;;42.0;;
Ostrov;leden;1048;886;2023;23;50.0;;;47.0;;
Ostrov;únor;1048;899;2023;23;50.0;;;52.0;;
Ostrov;březen;1048;906;2023;23;50.0;;;51.0;;
Ostrov;duben;1048;926;2023;23;50.0;;;49.0;;
Ostrov;květen;1048;940;2023;23;50.0;;;43.0;;
Ostrov;červen;1048;952;2023;23;50.0;;;49.0;;
Ostrov;červenec;1048;949;2023;23;50.0;;;42.0;;
Ostrov;srpen;1048;960;2023;23;50.0;;;48.0;;
Ostrov;září;1048;958;2023;23;50.0;;;54.0;;
Ostrov;říjen;1035;964;2023;23;50.0;;;52.0;;
Ostrov;listopad;1035;963;2023;23;50.0;;;54.0;;
Ostrov;prosinec;1035;963;2023;23;50.0;;;46.0;;
Ostrov;leden;1039;905;2022;23;50.0;;;45.0;;
Ostrov;únor;1039;910;2022;23;50.0;;;48.0;;
Ostrov;březen;1039;903;2022;23;50.0;;;42.0;;
Ostrov;duben;1039;886;2022;23;50.0;;;37.0;;
Ostrov;květen;1039;854;2022;23;50.0;;;43.0;;
Ostrov;červen;1039;843;2022;23;50.0;;;47.0;;
Ostrov;červenec;1039;855;2022;23;50.0;;;44.0;;
Ostrov;srpen;1039;854;2022;23;50.0;;;45.0;;
Ostrov;září;1039;859;2022;23;50.0;;;38.0;;
Ostrov;říjen;1035;876;2022;23;50.0;;;35.0;;
Ostrov;listopad;1035;868;2022;23;50.0;;;41.0;;
Ostrov;prosinec;1085;871;2022;23;50.0;;;38.0;;
Ostrov;leden;1029;1004;2021;23;80.0;;;57.0;;
Ostrov;únor;1029;1012;2021;23;80.0;;;54.0;;
Ostrov;březen;1029;1056;2021;23;80.0;;;43.0;;
Ostrov;duben;1029;1089;2021;23;80.0;;;38.0;;
Ostrov;květen;1029;1069;2021;23;80.0;;;34.0;;
Ostrov;červen;1029;1047;2021;23;80.0;;;39.0;;
Ostrov;červenec;1029;1044;2021;23;80.0;;;39.0;;
Ostrov;srpen;1029;982;2021;23;80.0;;;33.0;;
Ostrov;září;1029;946;2021;23;80.0;;;33.0;;
Ostrov;říjen;1039;929;2021;23;50.0;;;36.0;;
Ostrov;listopad;1039;921;2021;23;50.0;;;44.0;;
Ostrov;prosinec;1039;919;2021;23;50.0;;;43.0;;
Ostrov;leden;931;794;2020;23;80.0;;;54.0;;
Ostrov;únor;1029;819;2020;23;80.0;;;60.0;;
Ostrov;březen;1029;881;2020;23;80.0;;;54.0;;
Ostrov;duben;1029;894;2020;23;80.0;;;60.0;;
Ostrov;květen;1029;916;2020;23;80.0;;;65.0;;
Ostrov;červen;1029;989;2020;23;80.0;;;75.0;;
Ostrov;červenec;1029;997;2020;23;80.0;;;63.0;;
Ostrov;srpen;1029;1013;2020;23;80.0;;;69.0;;
Ostrov;září;1029;1031;2020;23;80.0;;;61.0;;
Ostrov;říjen;1029;1027;2020;23;80.0;;;59.0;;
Ostrov;listopad;1029;1041;2020;23;80.0;;;57.0;;
Ostrov;prosinec;1029;1040;2020;23;80.0;;;50.0;;
Pardubice;leden;650;670;2024;24;;;;;;
Pardubice;únor;650;689;2024;24;;;;;;
Pardubice;březen;650;696;2024;24;;;;;;
Pardubice;duben;660;710;2024;24;;;;;;
Pardubice;květen;660;706;2024;24;;;;;;
Pardubice;červen;660;697;2024;24;;;;;;
Pardubice;červenec;660;704;2024;24;;;;;;
Pardubice;srpen;660;711;2024;24;;;;;;
Pardubice;září;660;690;2024;24;;;;;;
Pardubice;říjen;660;709;2024;24;;;;;;
Pardubice;listopad;660;713;2024;24;;;;;;
Pardubice;prosinec;660;712;2024;24;;;;;;
Pardubice;leden;683;690;2023;24;;;;;;
Pardubice;únor;683;701;2023;24;;;;;;
Pardubice;březen;655;707;2023;24;;;;;;
Pardubice;duben;655;692;2023;24;;;;;;
Pardubice;květen;655;695;2023;24;;;;;;
Pardubice;červen;655;706;2023;24;;;;;;
Pardubice;červenec;655;702;2023;24;;;;;;
Pardubice;srpen;655;692;2023;24;;;;;;
Pardubice;září;655;665;2023;24;;;;;;
Pardubice;říjen;655;667;2023;24;;;;;;
Pardubice;listopad;650;670;2023;24;;;;;;
Pardubice;prosinec;650;667;2023;24;;;;;;
Pardubice;leden;686;655;2022;24;;;;;;
Pardubice;únor;686;669;2022;24;;;;;;
Pardubice;březen;686;685;2022;24;;;;;;
Pardubice;duben;686;667;2022;24;;;;;;
Pardubice;květen;686;679;2022;24;;;;;;
Pardubice;červen;686;677;2022;24;;;;;;
Pardubice;červenec;686;663;2022;24;;;;;;
Pardubice;srpen;686;674;2022;24;;;;;;
Pardubice;září;686;668;2022;24;;;;;;
Pardubice;říjen;686;669;2022;24;;;;;;
Pardubice;listopad;686;684;2022;24;;;;;;
Pardubice;prosinec;686;693;2022;24;;;;;;
Pardubice;leden;647;678;2021;24;;;;;;
Pardubice;únor;647;655;2021;24;;;;;;
Pardubice;březen;647;619;2021;24;;;;;;
Pardubice;duben;647;645;2021;24;;;;;;
Pardubice;květen;647;652;2021;24;;;;;;
Pardubice;červen;647;639;2021;24;;;;;;
Pardubice;červenec;647;667;2021;24;;;;;;
Pardubice;srpen;647;673;2021;24;;;;;;
Pardubice;září;647;677;2021;24;;;;;;
Pardubice;říjen;647;657;2021;24;;;;;;
Pardubice;listopad;647;642;2021;24;;;;;;
Pardubice;prosinec;686;641;2021;24;;;;;;
Pardubice;leden;647;777;2020;24;;;;;;
Pardubice;únor;647;777;2020;24;;;;;;
Pardubice;březen;647;786;2020;24;;;;;;
Pardubice;duben;647;765;2020;24;;;;;;
Pardubice;květen;647;732;2020;24;;;;;;
Pardubice;červen;647;718;2020;24;;;;;;
Pardubice;červenec;647;703;2020;24;;;;;;
Pardubice;srpen;647;716;2020;24;;;;;;
Pardubice;září;647;699;2020;24;;;;;;
Pardubice;říjen;647;694;2020;24;;;;;;
Pardubice;listopad;647;693;2020;24;;;;;;
Pardubice;prosinec;647;693;2020;24;;;;;;
Plzeň;leden;1039;1123;2024;25;143.0;;;92.0;;
Plzeň;únor;1039;1117;2024;25;143.0;;;106.0;;
Plzeň;březen;1039;1135;2024;25;143.0;;;110.0;;
Plzeň;duben;1039;1124;2024;25;143.0;;;115.0;;
Plzeň;květen;1039;1125;2024;25;143.0;;;120.0;;
Plzeň;červen;1039;1126;2024;25;143.0;;;118.0;;
Plzeň;červenec;1039;1156;2024;25;143.0;;;115.0;;
Plzeň;srpen;1039;1157;2024;25;143.0;;;112.0;;
Plzeň;září;1072;1104;2024;25;150.0;;;110.0;;
Plzeň;říjen;1072;1110;2024;25;150.0;;;112.0;;
Plzeň;listopad;1072;1078;2024;25;150.0;;;106.0;;
Plzeň;prosinec;1072;994;2024;25;150.0;;;115.0;;
Plzeň;leden;1041;1068;2023;25;111.0;;;110.0;;
Plzeň;únor;1041;1106;2023;25;111.0;;;107.0;;
Plzeň;březen;1041;1128;2023;25;111.0;;;114.0;;
Plzeň;duben;1009;1123;2023;25;143.0;;;114.0;;
Plzeň;květen;1009;1163;2023;25;143.0;;;108.0;;
Plzeň;červen;1009;1136;2023;25;143.0;;;90.0;;
Plzeň;červenec;1009;1132;2023;25;143.0;;;100.0;;
Plzeň;srpen;1009;1108;2023;25;143.0;;;101.0;;
Plzeň;září;1009;1120;2023;25;143.0;;;99.0;;
Plzeň;říjen;1009;1103;2023;25;143.0;;;104.0;;
Plzeň;listopad;1039;1119;2023;25;143.0;;;103.0;;
Plzeň;prosinec;1039;1118;2023;25;143.0;;;110.0;;
Plzeň;leden;1039;1103;2022;25;143.0;;;88.0;;
Plzeň;únor;1039;1116;2022;25;143.0;;;79.0;;
Plzeň;březen;1039;1096;2022;25;143.0;;;80.0;;
Plzeň;duben;1039;1088;2022;25;143.0;;;81.0;;
Plzeň;květen;1071;1097;2022;25;111.0;;;85.0;;
Plzeň;červen;1071;1061;2022;25;111.0;;;76.0;;
Plzeň;červenec;1071;1055;2022;25;111.0;;;84.0;;
Plzeň;srpen;1071;1074;2022;25;111.0;;;89.0;;
Plzeň;září;1071;1060;2022;25;111.0;;;103.0;;
Plzeň;říjen;1071;1068;2022;25;111.0;;;106.0;;
Plzeň;listopad;1071;1063;2022;25;111.0;;;108.0;;
Plzeň;prosinec;1071;1074;2022;25;111.0;;;90.0;;
Plzeň;leden;1039;1116;2021;25;143.0;;;110.0;;
Plzeň;únor;1039;1135;2021;25;143.0;;;111.0;;
Plzeň;březen;1039;1139;2021;25;143.0;;;108.0;;
Plzeň;duben;1039;1146;2021;25;143.0;;;98.0;;
Plzeň;květen;1039;1139;2021;25;143.0;;;98.0;;
Plzeň;červen;1039;1132;2021;25;143.0;;;97.0;;
Plzeň;červenec;1039;1089;2021;25;143.0;;;94.0;;
Plzeň;srpen;1039;1112;2021;25;143.0;;;80.0;;
Plzeň;září;1039;1095;2021;25;143.0;;;83.0;;
Plzeň;říjen;1039;1068;2021;25;143.0;;;77.0;;
Plzeň;listopad;1039;1065;2021;25;143.0;;;70.0;;
Plzeň;prosinec;1039;1076;2021;25;143.0;;;85.0;;
Plzeň;leden;1039;1136;2020;25;143.0;;;127.0;;
Plzeň;únor;1039;1124;2020;25;143.0;;;110.0;;
Plzeň;březen;1039;1143;2020;25;143.0;;;100.0;;
Plzeň;duben;1039;1117;2020;25;143.0;;;109.0;;
Plzeň;květen;1039;1094;2020;25;143.0;;;114.0;;
Plzeň;červen;1039;1099;2020;25;143.0;;;114.0;;
Plzeň;červenec;1039;1129;2020;25;143.0;;;118.0;;
Plzeň;srpen;1039;1113;2020;25;143.0;;;110.0;;
Plzeň;září;1039;1125;2020;25;143.0;;;104.0;;
Plzeň;říjen;1039;1106;2020;25;143.0;;;117.0;;
Plzeň;listopad;1039;1104;2020;25;143.0;;;104.0;;
Plzeň;prosinec;1039;1111;2020;25;143.0;;;111.0;;
Praha Pankrác;leden;788;760;2024;8;352.0;28.0;97.0;303.0;21.0;27.0
Praha Pankrác;únor;788;708;2024;8;352.0;28.0;97.0;325.0;21.0;24.0
Praha Pankrác;březen;749;724;2024;8;372.0;28.0;97.0;323.0;20.0;35.0
Praha Pankrác;duben;749;722;2024;8;372.0;28.0;97.0;310.0;23.0;47.0
Praha Pankrác;květen;749;729;2024;8;372.0;28.0;97.0;301.0;23.0;47.0
Praha Pankrác;červen;749;714;2024;8;372.0;28.0;97.0;295.0;0.0;34.0
Praha Pankrác;červenec;749;714;2024;8;372.0;28.0;97.0;305.0;0.0;22.0
Praha Pankrác;srpen;749;704;2024;8;372.0;28.0;97.0;318.0;0.0;27.0
Praha Pankrác;září;749;735;2024;8;372.0;28.0;97.0;318.0;0.0;47.0
Praha Pankrác;říjen;746;741;2024;8;372.0;28.0;97.0;334.0;0.0;38.0
Praha Pankrác;listopad;746;715;2024;8;372.0;28.0;97.0;348.0;0.0;39.0
Praha Pankrác;prosinec;746;695;2024;8;372.0;28.0;97.0;336.0;0.0;31.0
Praha Pankrác;leden;788;741;2023;8;352.0;28.0;97.0;289.0;21.0;35.0
Praha Pankrác;únor;788;645;2023;8;352.0;28.0;97.0;274.0;21.0;41.0
Praha Pankrác;březen;688;612;2023;8;352.0;28.0;97.0;287.0;23.0;42.0
Praha Pankrác;duben;688;627;2023;8;352.0;28.0;97.0;309.0;23.0;28.0
Praha Pankrác;květen;688;609;2023;8;352.0;28.0;97.0;290.0;23.0;35.0
Praha Pankrác;červen;688;603;2023;8;352.0;28.0;97.0;291.0;23.0;28.0
Praha Pankrác;červenec;688;644;2023;8;352.0;28.0;97.0;313.0;22.0;27.0
Praha Pankrác;srpen;788;715;2023;8;352.0;28.0;97.0;303.0;21.0;33.0
Praha Pankrác;září;788;759;2023;8;352.0;28.0;97.0;314.0;21.0;39.0
Praha Pankrác;říjen;788;714;2023;8;352.0;28.0;97.0;310.0;21.0;53.0
Praha Pankrác;listopad;788;712;2023;8;352.0;28.0;97.0;316.0;21.0;32.0
Praha Pankrác;prosinec;788;683;2023;8;352.0;28.0;97.0;322.0;23.0;18.0
Praha Pankrác;leden;788;708;2022;8;352.0;28.0;97.0;226.0;9.0;26.0
Praha Pankrác;únor;788;735;2022;8;352.0;28.0;97.0;230.0;13.0;26.0
Praha Pankrác;březen;788;685;2022;8;352.0;28.0;97.0;223.0;19.0;25.0
Praha Pankrác;duben;788;679;2022;8;352.0;28.0;97.0;227.0;18.0;33.0
Praha Pankrác;květen;788;677;2022;8;352.0;28.0;97.0;216.0;18.0;31.0
Praha Pankrác;červen;788;686;2022;8;352.0;28.0;97.0;234.0;19.0;23.0
Praha Pankrác;červenec;788;698;2022;8;352.0;28.0;97.0;253.0;19.0;23.0
Praha Pankrác;srpen;788;716;2022;8;352.0;28.0;97.0;250.0;19.0;17.0
Praha Pankrác;září;788;712;2022;8;352.0;28.0;97.0;273.0;22.0;24.0
Praha Pankrác;říjen;788;719;2022;8;352.0;28.0;97.0;298.0;22.0;36.0
Praha Pankrác;listopad;788;749;2022;8;352.0;28.0;97.0;295.0;22.0;23.0
Praha Pankrác;prosinec;788;687;2022;8;352.0;28.0;97.0;292.0;22.0;20.0
Praha Pankrác;leden;768;712;2021;8;376.0;0.0;97.0;250.0;0.0;29.0
Praha Pankrác;únor;788;711;2021;8;352.0;0.0;97.0;245.0;0.0;30.0
Praha Pankrác;březen;788;723;2021;8;352.0;0.0;97.0;209.0;0.0;35.0
Praha Pankrác;duben;788;698;2021;8;352.0;0.0;97.0;206.0;0.0;40.0
Praha Pankrác;květen;788;707;2021;8;352.0;0.0;97.0;208.0;0.0;37.0
Praha Pankrác;červen;788;647;2021;8;352.0;0.0;97.0;210.0;0.0;23.0
Praha Pankrác;červenec;788;658;2021;8;352.0;0.0;97.0;188.0;0.0;23.0
Praha Pankrác;srpen;788;636;2021;8;352.0;0.0;97.0;209.0;0.0;18.0
Praha Pankrác;září;788;685;2021;8;352.0;0.0;97.0;216.0;0.0;15.0
Praha Pankrác;říjen;788;672;2021;8;352.0;0.0;97.0;237.0;0.0;20.0
Praha Pankrác;listopad;788;706;2021;8;352.0;0.0;97.0;253.0;0.0;23.0
Praha Pankrác;prosinec;788;676;2021;8;352.0;0.0;97.0;242.0;0.0;16.0
Praha Pankrác;leden;762;774;2020;8;376.0;0.0;97.0;243.0;0.0;44.0
Praha Pankrác;únor;762;753;2020;8;376.0;0.0;97.0;266.0;0.0;47.0
Praha Pankrác;březen;762;733;2020;8;376.0;0.0;97.0;277.0;0.0;22.0
Praha Pankrác;duben;762;710;2020;8;376.0;0.0;97.0;286.0;0.0;38.0
Praha Pankrác;květen;762;732;2020;8;376.0;0.0;97.0;268.0;0.0;32.0
Praha Pankrác;červen;762;698;2020;8;376.0;0.0;97.0;260.0;0.0;43.0
Praha Pankrác;červenec;762;688;2020;8;376.0;0.0;97.0;259.0;0.0;29.0
Praha Pankrác;srpen;768;674;2020;8;376.0;0.0;97.0;247.0;0.0;40.0
Praha Pankrác;září;768;686;2020;8;376.0;0.0;97.0;246.0;0.0;35.0
Praha Pankrác;říjen;768;680;2020;8;376.0;0.0;97.0;250.0;0.0;30.0
Praha Pankrác;listopad;768;673;2020;8;376.0;0.0;97.0;230.0;0.0;38.0
Praha Pankrác;prosinec;768;638;2020;8;376.0;0.0;97.0;227.0;0.0;24.0
Praha Ruzyně;leden;547;507;2024;9;188.0;;;186.0;;
Praha Ruzyně;únor;547;521;2024;9;188.0;;;187.0;;
Praha Ruzyně;březen;547;518;2024;9;188.0;;;179.0;;
Praha Ruzyně;duben;547;514;2024;9;188.0;;;179.0;;
Praha Ruzyně;květen;540;516;2024;9;192.0;;;176.0;;
Praha Ruzyně;červen;540;525;2024;9;192.0;;;170.0;;
Praha Ruzyně;červenec;540;514;2024;9;192.0;;;171.0;;
Praha Ruzyně;srpen;540;523;2024;9;192.0;;;178.0;;
Praha Ruzyně;září;540;551;2024;9;192.0;;;170.0;;
Praha Ruzyně;říjen;540;544;2024;9;192.0;;;171.0;;
Praha Ruzyně;listopad;540;525;2024;9;192.0;;;187.0;;
Praha Ruzyně;prosinec;540;504;2024;9;192.0;;;183.0;;
Praha Ruzyně;leden;547;527;2023;9;188.0;;;138.0;;
Praha Ruzyně;únor;547;502;2023;9;188.0;;;150.0;;
Praha Ruzyně;březen;547;519;2023;9;188.0;;;164.0;;
Praha Ruzyně;duben;547;520;2023;9;188.0;;;157.0;;
Praha Ruzyně;květen;547;500;2023;9;188.0;;;165.0;;
Praha Ruzyně;červen;547;459;2023;9;188.0;;;146.0;;
Praha Ruzyně;červenec;547;467;2023;9;188.0;;;154.0;;
Praha Ruzyně;srpen;547;501;2023;9;188.0;;;175.0;;
Praha Ruzyně;září;547;516;2023;9;188.0;;;161.0;;
Praha Ruzyně;říjen;547;501;2023;9;188.0;;;162.0;;
Praha Ruzyně;listopad;547;503;2023;9;188.0;;;172.0;;
Praha Ruzyně;prosinec;547;501;2023;9;188.0;;;177.0;;
Praha Ruzyně;leden;547;516;2022;9;188.0;;;159.0;;
Praha Ruzyně;únor;547;509;2022;9;188.0;;;166.0;;
Praha Ruzyně;březen;547;512;2022;9;188.0;;;155.0;;
Praha Ruzyně;duben;547;501;2022;9;188.0;;;148.0;;
Praha Ruzyně;květen;547;479;2022;9;188.0;;;148.0;;
Praha Ruzyně;červen;547;491;2022;9;188.0;;;133.0;;
Praha Ruzyně;červenec;547;470;2022;9;188.0;;;136.0;;
Praha Ruzyně;srpen;547;478;2022;9;188.0;;;141.0;;
Praha Ruzyně;září;547;504;2022;9;188.0;;;146.0;;
Praha Ruzyně;říjen;547;493;2022;9;188.0;;;150.0;;
Praha Ruzyně;listopad;547;508;2022;9;188.0;;;158.0;;
Praha Ruzyně;prosinec;547;480;2022;9;188.0;;;146.0;;
Praha Ruzyně;leden;532;463;2021;9;214.0;;;170.0;;
Praha Ruzyně;únor;514;473;2021;9;232.0;;;167.0;;
Praha Ruzyně;březen;514;502;2021;9;232.0;;;159.0;;
Praha Ruzyně;duben;514;511;2021;9;232.0;;;161.0;;
Praha Ruzyně;květen;514;491;2021;9;232.0;;;155.0;;
Praha Ruzyně;červen;514;499;2021;9;232.0;;;150.0;;
Praha Ruzyně;červenec;514;504;2021;9;232.0;;;142.0;;
Praha Ruzyně;srpen;514;495;2021;9;232.0;;;130.0;;
Praha Ruzyně;září;514;509;2021;9;232.0;;;123.0;;
Praha Ruzyně;říjen;547;521;2021;9;188.0;;;135.0;;
Praha Ruzyně;listopad;547;514;2021;9;188.0;;;135.0;;
Praha Ruzyně;prosinec;547;499;2021;9;188.0;;;153.0;;
Praha Ruzyně;leden;532;593;2020;9;214.0;;;224.0;;
Praha Ruzyně;únor;532;605;2020;9;214.0;;;183.0;;
Praha Ruzyně;březen;532;540;2020;9;214.0;;;176.0;;
Praha Ruzyně;duben;532;536;2020;9;214.0;;;168.0;;
Praha Ruzyně;květen;532;514;2020;9;214.0;;;189.0;;
Praha Ruzyně;červen;532;541;2020;9;214.0;;;169.0;;
Praha Ruzyně;červenec;532;559;2020;9;214.0;;;162.0;;
Praha Ruzyně;srpen;532;553;2020;9;214.0;;;161.0;;
Praha Ruzyně;září;532;549;2020;9;214.0;;;149.0;;
Praha Ruzyně;říjen;532;521;2020;9;214.0;;;143.0;;
Praha Ruzyně;listopad;532;495;2020;9;214.0;;;165.0;;
Praha Ruzyně;prosinec;532;477;2020;9;214.0;;;168.0;;
Příbram;leden;868;600;2024;26;;;;;;
Příbram;únor;868;620;2024;26;;;;;;
Příbram;březen;868;646;2024;26;;;;;;
Příbram;duben;868;632;2024;26;;;;;;
Příbram;květen;868;633;2024;26;;;;;;
Příbram;červen;868;650;2024;26;;;;;;
Příbram;červenec;868;630;2024;26;;;;;;
Příbram;srpen;868;638;2024;26;;;;;;
Příbram;září;868;621;2024;26;;;;;;
Příbram;říjen;868;621;2024;26;;;;;;
Příbram;listopad;868;608;2024;26;;;;;;
Příbram;prosinec;868;611;2024;26;;;;;;
Příbram;leden;868;868;2023;26;;;;;;
Příbram;únor;868;909;2023;26;;;;;;
Příbram;březen;868;921;2023;26;;;;;;
Příbram;duben;868;931;2023;26;;;;;;
Příbram;květen;868;925;2023;26;;;;;;
Příbram;červen;868;910;2023;26;;;;;;
Příbram;červenec;868;866;2023;26;;;;;;
Příbram;srpen;868;802;2023;26;;;;;;
Příbram;září;868;641;2023;26;;;;;;
Příbram;říjen;868;618;2023;26;;;;;;
Příbram;listopad;868;608;2023;26;;;;;;
Příbram;prosinec;868;599;2023;26;;;;;;
Příbram;leden;868;828;2022;26;;;;;;
Příbram;únor;868;830;2022;26;;;;;;
Příbram;březen;868;864;2022;26;;;;;;
Příbram;duben;868;878;2022;26;;;;;;
Příbram;květen;868;894;2022;26;;;;;;
Příbram;červen;868;907;2022;26;;;;;;
Příbram;červenec;868;889;2022;26;;;;;;
Příbram;srpen;868;860;2022;26;;;;;;
Příbram;září;868;846;2022;26;;;;;;
Příbram;říjen;868;868;2022;26;;;;;;
Příbram;listopad;868;865;2022;26;;;;;;
Příbram;prosinec;868;890;2022;26;;;;;;
Příbram;leden;868;897;2021;26;;;;;;
Příbram;únor;868;907;2021;26;;;;;;
Příbram;březen;868;921;2021;26;;;;;;
Příbram;duben;868;918;2021;26;;;;;;
Příbram;květen;868;950;2021;26;;;;;;
Příbram;červen;868;961;2021;26;;;;;;
Příbram;červenec;868;930;2021;26;;;;;;
Příbram;srpen;868;921;2021;26;;;;;;
Příbram;září;868;916;2021;26;;;;;;
Příbram;říjen;868;907;2021;26;;;;;;
Příbram;listopad;868;880;2021;26;;;;;;
Příbram;prosinec;868;875;2021;26;;;;;;
Příbram;leden;868;995;2020;26;;;;;;
Příbram;únor;868;991;2020;26;;;;;;
Příbram;březen;868;993;2020;26;;;;;;
Příbram;duben;868;969;2020;26;;;;;;
Příbram;květen;868;935;2020;26;;;;;;
Příbram;červen;868;933;2020;26;;;;;;
Příbram;červenec;868;918;2020;26;;;;;;
Příbram;srpen;868;893;2020;26;;;;;;
Příbram;září;868;858;2020;26;;;;;;
Příbram;říjen;868;872;2020;26;;;;;;
Příbram;listopad;868;862;2020;26;;;;;;
Příbram;prosinec;868;876;2020;26;;;;;;
Rapotice;leden;741;762;2024;27;;;;;;
Rapotice;únor;741;755;2024;27;;;;;;
Rapotice;březen;741;744;2024;27;;;;;;
Rapotice;duben;741;730;2024;27;;;;;;
Rapotice;květen;741;702;2024;27;;;;;;
Rapotice;červen;741;675;2024;27;;;;;;
Rapotice;červenec;722;680;2024;27;;;;;;
Rapotice;srpen;724;692;2024;27;;;;;;
Rapotice;září;724;706;2024;27;;;;;;
Rapotice;říjen;724;708;2024;27;;;;;;
Rapotice;listopad;724;740;2024;27;;;;;;
Rapotice;prosinec;724;751;2024;27;;;;;;
Rapotice;leden;741;690;2023;27;;;;;;
Rapotice;únor;741;765;2023;27;;;;;;
Rapotice;březen;741;774;2023;27;;;;;;
Rapotice;duben;741;766;2023;27;;;;;;
Rapotice;květen;741;770;2023;27;;;;;;
Rapotice;červen;741;779;2023;27;;;;;;
Rapotice;červenec;741;785;2023;27;;;;;;
Rapotice;srpen;741;749;2023;27;;;;;;
Rapotice;září;741;745;2023;27;;;;;;
Rapotice;říjen;741;695;2023;27;;;;;;
Rapotice;listopad;741;689;2023;27;;;;;;
Rapotice;prosinec;741;745;2023;27;;;;;;
Rapotice;leden;755;651;2022;27;;;;;;
Rapotice;únor;755;626;2022;27;;;;;;
Rapotice;březen;755;686;2022;27;;;;;;
Rapotice;duben;755;705;2022;27;;;;;;
Rapotice;květen;755;708;2022;27;;;;;;
Rapotice;červen;755;720;2022;27;;;;;;
Rapotice;červenec;755;736;2022;27;;;;;;
Rapotice;srpen;755;719;2022;27;;;;;;
Rapotice;září;755;725;2022;27;;;;;;
Rapotice;říjen;755;736;2022;27;;;;;;
Rapotice;listopad;741;701;2022;27;;;;;;
Rapotice;prosinec;741;659;2022;27;;;;;;
Rapotice;leden;755;678;2021;27;;;;;;
Rapotice;únor;755;681;2021;27;;;;;;
Rapotice;březen;755;698;2021;27;;;;;;
Rapotice;duben;755;668;2021;27;;;;;;
Rapotice;květen;755;622;2021;27;;;;;;
Rapotice;červen;755;628;2021;27;;;;;;
Rapotice;červenec;755;642;2021;27;;;;;;
Rapotice;srpen;755;677;2021;27;;;;;;
Rapotice;září;755;678;2021;27;;;;;;
Rapotice;říjen;755;672;2021;27;;;;;;
Rapotice;listopad;755;680;2021;27;;;;;;
Rapotice;prosinec;755;649;2021;27;;;;;;
Rapotice;leden;754;780;2020;27;;;;;;
Rapotice;únor;754;770;2020;27;;;;;;
Rapotice;březen;754;811;2020;27;;;;;;
Rapotice;duben;754;810;2020;27;;;;;;
Rapotice;květen;754;780;2020;27;;;;;;
Rapotice;červen;754;753;2020;27;;;;;;
Rapotice;červenec;755;753;2020;27;;;;;;
Rapotice;srpen;755;740;2020;27;;;;;;
Rapotice;září;755;742;2020;27;;;;;;
Rapotice;říjen;755;742;2020;27;;;;;;
Rapotice;listopad;755;708;2020;27;;;;;;
Rapotice;prosinec;755;691;2020;27;;;;;;
Rýnovice;leden;424;477;2024;28;;;;;;
Rýnovice;únor;424;474;2024;28;;;;;;
Rýnovice;březen;424;467;2024;28;;;;;;
Rýnovice;duben;424;451;2024;28;;;;;;
Rýnovice;květen;424;449;2024;28;;;;;;
Rýnovice;červen;424;464;2024;28;;;;;;
Rýnovice;červenec;408;464;2024;28;;;;;;
Rýnovice;srpen;408;463;2024;28;;;;;;
Rýnovice;září;408;468;2024;28;;;;;;
Rýnovice;říjen;408;471;2024;28;;;;;;
Rýnovice;listopad;408;473;2024;28;;;;;;
Rýnovice;prosinec;408;470;2024;28;;;;;;
Rýnovice;leden;426;386;2023;28;;;;;;
Rýnovice;únor;424;406;2023;28;;;;;;
Rýnovice;březen;424;446;2023;28;;;;;;
Rýnovice;duben;424;439;2023;28;;;;;;
Rýnovice;květen;424;442;2023;28;;;;;;
Rýnovice;červen;424;449;2023;28;;;;;;
Rýnovice;červenec;424;452;2023;28;;;;;;
Rýnovice;srpen;424;461;2023;28;;;;;;
Rýnovice;září;424;462;2023;28;;;;;;
Rýnovice;říjen;424;478;2023;28;;;;;;
Rýnovice;listopad;424;485;2023;28;;;;;;
Rýnovice;prosinec;424;487;2023;28;;;;;;
Rýnovice;leden;426;439;2022;28;;;;;;
Rýnovice;únor;426;448;2022;28;;;;;;
Rýnovice;březen;426;452;2022;28;;;;;;
Rýnovice;duben;426;453;2022;28;;;;;;
Rýnovice;květen;426;468;2022;28;;;;;;
Rýnovice;červen;426;469;2022;28;;;;;;
Rýnovice;červenec;426;447;2022;28;;;;;;
Rýnovice;srpen;426;435;2022;28;;;;;;
Rýnovice;září;426;392;2022;28;;;;;;
Rýnovice;říjen;426;380;2022;28;;;;;;
Rýnovice;listopad;426;362;2022;28;;;;;;
Rýnovice;prosinec;426;387;2022;28;;;;;;
Rýnovice;leden;431;471;2021;28;;;;;;
Rýnovice;únor;426;464;2021;28;;;;;;
Rýnovice;březen;426;452;2021;28;;;;;;
Rýnovice;duben;426;442;2021;28;;;;;;
Rýnovice;květen;426;445;2021;28;;;;;;
Rýnovice;červen;426;440;2021;28;;;;;;
Rýnovice;červenec;426;437;2021;28;;;;;;
Rýnovice;srpen;426;458;2021;28;;;;;;
Rýnovice;září;426;466;2021;28;;;;;;
Rýnovice;říjen;426;449;2021;28;;;;;;
Rýnovice;listopad;426;458;2021;28;;;;;;
Rýnovice;prosinec;426;456;2021;28;;;;;;
Rýnovice;leden;431;550;2020;28;;;;;;
Rýnovice;únor;431;549;2020;28;;;;;;
Rýnovice;březen;431;546;2020;28;;;;;;
Rýnovice;duben;431;537;2020;28;;;;;;
Rýnovice;květen;431;518;2020;28;;;;;;
Rýnovice;červen;431;517;2020;28;;;;;;
Rýnovice;červenec;431;520;2020;28;;;;;;
Rýnovice;srpen;431;506;2020;28;;;;;;
Rýnovice;září;431;503;2020;28;;;;;;
Rýnovice;říjen;431;486;2020;28;;;;;;
Rýnovice;listopad;431;481;2020;28;;;;;;
Rýnovice;prosinec;431;475;2020;28;;;;;;
Stráž pod Ralskem;leden;633;705;2024;29;;;;;;
Stráž pod Ralskem;únor;633;711;2024;29;;;;;;
Stráž pod Ralskem;březen;633;710;2024;29;;;;;;
Stráž pod Ralskem;duben;633;710;2024;29;;;;;;
Stráž pod Ralskem;květen;633;703;2024;29;;;;;;
Stráž pod Ralskem;červen;633;698;2024;29;;;;;;
Stráž pod Ralskem;červenec;633;693;2024;29;;;;;;
Stráž pod Ralskem;srpen;635;671;2024;29;;;;;;
Stráž pod Ralskem;září;635;685;2024;29;;;;;;
Stráž pod Ralskem;říjen;635;703;2024;29;;;;;;
Stráž pod Ralskem;listopad;635;710;2024;29;;;;;;
Stráž pod Ralskem;prosinec;635;722;2024;29;;;;;;
Stráž pod Ralskem;leden;633;700;2023;29;;;;;;
Stráž pod Ralskem;únor;633;680;2023;29;;;;;;
Stráž pod Ralskem;březen;633;717;2023;29;;;;;;
Stráž pod Ralskem;duben;633;710;2023;29;;;;;;
Stráž pod Ralskem;květen;633;722;2023;29;;;;;;
Stráž pod Ralskem;červen;633;702;2023;29;;;;;;
Stráž pod Ralskem;červenec;633;659;2023;29;;;;;;
Stráž pod Ralskem;srpen;633;674;2023;29;;;;;;
Stráž pod Ralskem;září;633;665;2023;29;;;;;;
Stráž pod Ralskem;říjen;633;706;2023;29;;;;;;
Stráž pod Ralskem;listopad;633;710;2023;29;;;;;;
Stráž pod Ralskem;prosinec;633;729;2023;29;;;;;;
Stráž pod Ralskem;leden;633;706;2022;29;;;;;;
Stráž pod Ralskem;únor;633;691;2022;29;;;;;;
Stráž pod Ralskem;březen;633;716;2022;29;;;;;;
Stráž pod Ralskem;duben;633;717;2022;29;;;;;;
Stráž pod Ralskem;květen;633;726;2022;29;;;;;;
Stráž pod Ralskem;červen;633;726;2022;29;;;;;;
Stráž pod Ralskem;červenec;633;706;2022;29;;;;;;
Stráž pod Ralskem;srpen;633;686;2022;29;;;;;;
Stráž pod Ralskem;září;633;672;2022;29;;;;;;
Stráž pod Ralskem;říjen;633;681;2022;29;;;;;;
Stráž pod Ralskem;listopad;633;696;2022;29;;;;;;
Stráž pod Ralskem;prosinec;633;723;2022;29;;;;;;
Stráž pod Ralskem;leden;655;704;2021;29;;;;;;
Stráž pod Ralskem;únor;653;671;2021;29;;;;;;
Stráž pod Ralskem;březen;653;633;2021;29;;;;;;
Stráž pod Ralskem;duben;633;650;2021;29;;;;;;
Stráž pod Ralskem;květen;633;681;2021;29;;;;;;
Stráž pod Ralskem;červen;633;693;2021;29;;;;;;
Stráž pod Ralskem;červenec;633;708;2021;29;;;;;;
Stráž pod Ralskem;srpen;633;696;2021;29;;;;;;
Stráž pod Ralskem;září;633;677;2021;29;;;;;;
Stráž pod Ralskem;říjen;633;682;2021;29;;;;;;
Stráž pod Ralskem;listopad;633;707;2021;29;;;;;;
Stráž pod Ralskem;prosinec;633;704;2021;29;;;;;;
Stráž pod Ralskem;leden;655;819;2020;29;;;;;;
Stráž pod Ralskem;únor;655;813;2020;29;;;;;;
Stráž pod Ralskem;březen;655;818;2020;29;;;;;;
Stráž pod Ralskem;duben;655;781;2020;29;;;;;;
Stráž pod Ralskem;květen;655;751;2020;29;;;;;;
Stráž pod Ralskem;červen;655;759;2020;29;;;;;;
Stráž pod Ralskem;červenec;655;741;2020;29;;;;;;
Stráž pod Ralskem;srpen;655;714;2020;29;;;;;;
Stráž pod Ralskem;září;655;733;2020;29;;;;;;
Stráž pod Ralskem;říjen;655;741;2020;29;;;;;;
Stráž pod Ralskem;listopad;655;749;2020;29;;;;;;
Stráž pod Ralskem;prosinec;655;747;2020;29;;;;;;
Světlá nad Sázavou;leden;945;816;2024;30;2.0;;;2.0;;
Světlá nad Sázavou;únor;945;839;2024;30;2.0;;;2.0;;
Světlá nad Sázavou;březen;945;801;2024;30;2.0;;;1.0;;
Světlá nad Sázavou;duben;936;810;2024;30;2.0;;;1.0;;
Světlá nad Sázavou;květen;936;807;2024;30;2.0;;;0.0;;
Světlá nad Sázavou;červen;936;815;2024;30;2.0;;;0.0;;
Světlá nad Sázavou;červenec;936;827;2024;30;2.0;;;0.0;;
Světlá nad Sázavou;srpen;936;850;2024;30;2.0;;;0.0;;
Světlá nad Sázavou;září;936;851;2024;30;2.0;;;1.0;;
Světlá nad Sázavou;říjen;936;837;2024;30;2.0;;;1.0;;
Světlá nad Sázavou;listopad;936;794;2024;30;2.0;;;1.0;;
Světlá nad Sázavou;prosinec;936;812;2024;30;2.0;;;1.0;;
Světlá nad Sázavou;leden;938;775;2023;30;2.0;;;0.0;;
Světlá nad Sázavou;únor;938;807;2023;30;2.0;;;0.0;;
Světlá nad Sázavou;březen;931;803;2023;30;2.0;;;0.0;;
Světlá nad Sázavou;duben;931;824;2023;30;2.0;;;1.0;;
Světlá nad Sázavou;květen;931;829;2023;30;2.0;;;1.0;;
Světlá nad Sázavou;červen;931;840;2023;30;2.0;;;1.0;;
Světlá nad Sázavou;červenec;931;836;2023;30;2.0;;;1.0;;
Světlá nad Sázavou;srpen;931;846;2023;30;2.0;;;1.0;;
Světlá nad Sázavou;září;931;833;2023;30;2.0;;;2.0;;
Světlá nad Sázavou;říjen;931;843;2023;30;2.0;;;2.0;;
Světlá nad Sázavou;listopad;931;852;2023;30;2.0;;;2.0;;
Světlá nad Sázavou;prosinec;931;854;2023;30;2.0;;;2.0;;
Světlá nad Sázavou;leden;761;695;2022;30;2.0;;;0.0;;
Světlá nad Sázavou;únor;761;694;2022;30;2.0;;;0.0;;
Světlá nad Sázavou;březen;938;708;2022;30;2.0;;;0.0;;
Světlá nad Sázavou;duben;938;730;2022;30;2.0;;;0.0;;
Světlá nad Sázavou;květen;938;777;2022;30;2.0;;;0.0;;
Světlá nad Sázavou;červen;938;807;2022;30;2.0;;;0.0;;
Světlá nad Sázavou;červenec;938;794;2022;30;2.0;;;0.0;;
Světlá nad Sázavou;srpen;938;783;2022;30;2.0;;;0.0;;
Světlá nad Sázavou;září;938;774;2022;30;2.0;;;0.0;;
Světlá nad Sázavou;říjen;938;807;2022;30;2.0;;;0.0;;
Světlá nad Sázavou;listopad;938;786;2022;30;2.0;;;0.0;;
Světlá nad Sázavou;prosinec;938;829;2022;30;2.0;;;0.0;;
Světlá nad Sázavou;leden;761;728;2021;30;2.0;;;0.0;;
Světlá nad Sázavou;únor;761;734;2021;30;2.0;;;0.0;;
Světlá nad Sázavou;březen;761;727;2021;30;2.0;;;0.0;;
Světlá nad Sázavou;duben;761;709;2021;30;2.0;;;0.0;;
Světlá nad Sázavou;květen;761;708;2021;30;2.0;;;0.0;;
Světlá nad Sázavou;červen;761;714;2021;30;2.0;;;0.0;;
Světlá nad Sázavou;červenec;761;714;2021;30;2.0;;;0.0;;
Světlá nad Sázavou;srpen;761;709;2021;30;2.0;;;0.0;;
Světlá nad Sázavou;září;761;695;2021;30;2.0;;;0.0;;
Světlá nad Sázavou;říjen;761;698;2021;30;2.0;;;0.0;;
Světlá nad Sázavou;listopad;761;684;2021;30;2.0;;;0.0;;
Světlá nad Sázavou;prosinec;761;687;2021;30;2.0;;;0.0;;
Světlá nad Sázavou;leden;792;787;2020;30;2.0;;;0.0;;
Světlá nad Sázavou;únor;792;798;2020;30;2.0;;;0.0;;
Světlá nad Sázavou;březen;792;828;2020;30;2.0;;;1.0;;
Světlá nad Sázavou;duben;792;824;2020;30;2.0;;;1.0;;
Světlá nad Sázavou;květen;792;780;2020;30;2.0;;;0.0;;
Světlá nad Sázavou;červen;792;745;2020;30;2.0;;;0.0;;
Světlá nad Sázavou;červenec;792;771;2020;30;2.0;;;0.0;;
Světlá nad Sázavou;srpen;766;756;2020;30;2.0;;;0.0;;
Světlá nad Sázavou;září;761;740;2020;30;2.0;;;0.0;;
Světlá nad Sázavou;říjen;761;754;2020;30;2.0;;;0.0;;
Světlá nad Sázavou;listopad;761;738;2020;30;2.0;;;0.0;;
Světlá nad Sázavou;prosinec;761;736;2020;30;2.0;;;0.0;;
Teplice;leden;70;96;2024;35;65.0;;;51.0;;
Teplice;únor;70;89;2024;35;65.0;;;54.0;;
Teplice;březen;70;90;2024;35;65.0;;;48.0;;
Teplice;duben;70;91;2024;35;65.0;;;54.0;;
Teplice;květen;70;82;2024;35;65.0;;;51.0;;
Teplice;červen;70;82;2024;35;65.0;;;45.0;;
Teplice;červenec;70;73;2024;35;65.0;;;43.0;;
Teplice;srpen;70;80;2024;35;65.0;;;41.0;;
Teplice;září;70;78;2024;35;65.0;;;48.0;;
Teplice;říjen;69;72;2024;35;65.0;;;52.0;;
Teplice;listopad;69;89;2024;35;65.0;;;55.0;;
Teplice;prosinec;69;79;2024;35;65.0;;;46.0;;
Teplice;leden;70;95;2023;35;65.0;;;59.0;;
Teplice;únor;70;107;2023;35;65.0;;;65.0;;
Teplice;březen;70;84;2023;35;65.0;;;57.0;;
Teplice;duben;70;103;2023;35;65.0;;;58.0;;
Teplice;květen;70;86;2023;35;65.0;;;55.0;;
Teplice;červen;70;68;2023;35;65.0;;;59.0;;
Teplice;červenec;70;92;2023;35;65.0;;;66.0;;
Teplice;srpen;66;84;2023;35;69.0;;;66.0;;
Teplice;září;66;87;2023;35;69.0;;;63.0;;
Teplice;říjen;70;77;2023;35;65.0;;;59.0;;
Teplice;listopad;70;78;2023;35;65.0;;;55.0;;
Teplice;prosinec;70;67;2023;35;65.0;;;54.0;;
Teplice;leden;70;101;2022;35;65.0;;;52.0;;
Teplice;únor;70;91;2022;35;65.0;;;65.0;;
Teplice;březen;70;93;2022;35;65.0;;;67.0;;
Teplice;duben;70;86;2022;35;65.0;;;84.0;;
Teplice;květen;70;80;2022;35;65.0;;;71.0;;
Teplice;červen;70;82;2022;35;65.0;;;54.0;;
Teplice;červenec;70;82;2022;35;65.0;;;49.0;;
Teplice;srpen;70;97;2022;35;65.0;;;53.0;;
Teplice;září;70;107;2022;35;65.0;;;62.0;;
Teplice;říjen;70;87;2022;35;65.0;;;65.0;;
Teplice;listopad;70;82;2022;35;65.0;;;59.0;;
Teplice;prosinec;70;74;2022;35;65.0;;;53.0;;
Teplice;leden;70;74;2021;35;68.0;;;66.0;;
Teplice;únor;70;88;2021;35;65.0;;;68.0;;
Teplice;březen;70;76;2021;35;65.0;;;59.0;;
Teplice;duben;70;92;2021;35;65.0;;;57.0;;
Teplice;květen;70;83;2021;35;65.0;;;47.0;;
Teplice;červen;70;77;2021;35;65.0;;;47.0;;
Teplice;červenec;70;82;2021;35;65.0;;;47.0;;
Teplice;srpen;70;75;2021;35;65.0;;;45.0;;
Teplice;září;70;85;2021;35;65.0;;;49.0;;
Teplice;říjen;70;91;2021;35;65.0;;;56.0;;
Teplice;listopad;70;92;2021;35;65.0;;;56.0;;
Teplice;prosinec;70;77;2021;35;65.0;;;58.0;;
Teplice;leden;64;79;2020;35;56.0;;;64.0;;
Teplice;únor;70;97;2020;35;65.0;;;57.0;;
Teplice;březen;70;65;2020;35;65.0;;;65.0;;
Teplice;duben;70;75;2020;35;65.0;;;64.0;;
Teplice;květen;70;84;2020;35;65.0;;;63.0;;
Teplice;červen;70;81;2020;35;65.0;;;54.0;;
Teplice;červenec;70;83;2020;35;65.0;;;61.0;;
Teplice;srpen;70;81;2020;35;65.0;;;52.0;;
Teplice;září;70;81;2020;35;65.0;;;53.0;;
Teplice;říjen;70;76;2020;35;65.0;;;50.0;;
Teplice;listopad;70;87;2020;35;65.0;;;48.0;;
Teplice;prosinec;70;64;2020;35;65.0;;;58.0;;
Valdice;leden;1021;988;2024;31;;;;;;
Valdice;únor;1021;995;2024;31;;;;;;
Valdice;březen;1021;1001;2024;31;;;;;;
Valdice;duben;1021;997;2024;31;;;;;;
Valdice;květen;1021;1014;2024;31;;;;;;
Valdice;červen;1021;1034;2024;31;;;;;;
Valdice;červenec;1021;842;2024;31;;;;;;
Valdice;srpen;1021;833;2024;31;;;;;;
Valdice;září;1021;828;2024;31;;;;;;
Valdice;říjen;1021;833;2024;31;;;;;;
Valdice;listopad;1021;835;2024;31;;;;;;
Valdice;prosinec;1021;841;2024;31;;;;;;
Valdice;leden;1021;976;2023;31;;;;;;
Valdice;únor;1021;969;2023;31;;;;;;
Valdice;březen;1021;963;2023;31;;;;;;
Valdice;duben;1021;962;2023;31;;;;;;
Valdice;květen;1021;971;2023;31;;;;;;
Valdice;červen;1021;976;2023;31;;;;;;
Valdice;červenec;1021;974;2023;31;;;;;;
Valdice;srpen;1021;983;2023;31;;;;;;
Valdice;září;1021;970;2023;31;;;;;;
Valdice;říjen;1021;985;2023;31;;;;;;
Valdice;listopad;1021;980;2023;31;;;;;;
Valdice;prosinec;1021;995;2023;31;;;;;;
Valdice;leden;1021;1050;2022;31;;;;;;
Valdice;únor;1021;1056;2022;31;;;;;;
Valdice;březen;1021;1033;2022;31;;;;;;
Valdice;duben;1021;1024;2022;31;;;;;;
Valdice;květen;1021;1030;2022;31;;;;;;
Valdice;červen;1021;1032;2022;31;;;;;;
Valdice;červenec;1021;1008;2022;31;;;;;;
Valdice;srpen;1021;1002;2022;31;;;;;;
Valdice;září;1021;999;2022;31;;;;;;
Valdice;říjen;1021;985;2022;31;;;;;;
Valdice;listopad;1021;983;2022;31;;;;;;
Valdice;prosinec;1021;983;2022;31;;;;;;
Valdice;leden;1021;1054;2021;31;;;;;;
Valdice;únor;1021;1073;2021;31;;;;;;
Valdice;březen;1021;1090;2021;31;;;;;;
Valdice;duben;1021;1112;2021;31;;;;;;
Valdice;květen;1021;1100;2021;31;;;;;;
Valdice;červen;1021;1103;2021;31;;;;;;
Valdice;červenec;1021;1097;2021;31;;;;;;
Valdice;srpen;1021;1050;2021;31;;;;;;
Valdice;září;1021;1048;2021;31;;;;;;
Valdice;říjen;1021;1047;2021;31;;;;;;
Valdice;listopad;1021;1053;2021;31;;;;;;
Valdice;prosinec;1021;1064;2021;31;;;;;;
Valdice;leden;1100;1124;2020;31;;;;;;
Valdice;únor;1023;1058;2020;31;;;;;;
Valdice;březen;1023;1068;2020;31;;;;;;
Valdice;duben;1023;1057;2020;31;;;;;;
Valdice;květen;1023;1035;2020;31;;;;;;
Valdice;červen;1021;1039;2020;31;;;;;;
Valdice;červenec;1021;1054;2020;31;;;;;;
Valdice;srpen;1021;1034;2020;31;;;;;;
Valdice;září;1021;1029;2020;31;;;;;;
Valdice;říjen;1021;1031;2020;31;;;;;;
Valdice;listopad;1021;1040;2020;31;;;;;;
Valdice;prosinec;1021;1060;2020;31;;;;;;
Vinařice;leden;854;938;2024;32;;;;;;
Vinařice;únor;854;902;2024;32;;;;;;
Vinařice;březen;854;853;2024;32;;;;;;
Vinařice;duben;854;901;2024;32;;;;;;
Vinařice;květen;831;907;2024;32;;;;;;
Vinařice;červen;831;908;2024;32;;;;;;
Vinařice;červenec;831;924;2024;32;;;;;;
Vinařice;srpen;831;926;2024;32;;;;;;
Vinařice;září;831;918;2024;32;;;;;;
Vinařice;říjen;831;916;2024;32;;;;;;
Vinařice;listopad;831;929;2024;32;;;;;;
Vinařice;prosinec;831;966;2024;32;;;;;;
Vinařice;leden;854;863;2023;32;;;;;;
Vinařice;únor;854;884;2023;32;;;;;;
Vinařice;březen;854;912;2023;32;;;;;;
Vinařice;duben;854;913;2023;32;;;;;;
Vinařice;květen;854;910;2023;32;;;;;;
Vinařice;červen;854;921;2023;32;;;;;;
Vinařice;červenec;854;925;2023;32;;;;;;
Vinařice;srpen;854;945;2023;32;;;;;;
Vinařice;září;854;956;2023;32;;;;;;
Vinařice;říjen;854;960;2023;32;;;;;;
Vinařice;listopad;854;962;2023;32;;;;;;
Vinařice;prosinec;854;961;2023;32;;;;;;
Vinařice;leden;854;872;2022;32;;;;;;
Vinařice;únor;854;872;2022;32;;;;;;
Vinařice;březen;854;876;2022;32;;;;;;
Vinařice;duben;854;876;2022;32;;;;;;
Vinařice;květen;854;880;2022;32;;;;;;
Vinařice;červen;854;892;2022;32;;;;;;
Vinařice;červenec;854;896;2022;32;;;;;;
Vinařice;srpen;854;878;2022;32;;;;;;
Vinařice;září;854;869;2022;32;;;;;;
Vinařice;říjen;854;859;2022;32;;;;;;
Vinařice;listopad;854;847;2022;32;;;;;;
Vinařice;prosinec;854;878;2022;32;;;;;;
Vinařice;leden;854;853;2021;32;;;;;;
Vinařice;únor;854;825;2021;32;;;;;;
Vinařice;březen;854;783;2021;32;;;;;;
Vinařice;duben;854;762;2021;32;;;;;;
Vinařice;květen;854;802;2021;32;;;;;;
Vinařice;červen;854;843;2021;32;;;;;;
Vinařice;červenec;854;857;2021;32;;;;;;
Vinařice;srpen;854;844;2021;32;;;;;;
Vinařice;září;854;826;2021;32;;;;;;
Vinařice;říjen;854;822;2021;32;;;;;;
Vinařice;listopad;854;849;2021;32;;;;;;
Vinařice;prosinec;854;873;2021;32;;;;;;
Vinařice;leden;854;917;2020;32;;;;;;
Vinařice;únor;854;889;2020;32;;;;;;
Vinařice;březen;854;892;2020;32;;;;;;
Vinařice;duben;854;865;2020;32;;;;;;
Vinařice;květen;854;838;2020;32;;;;;;
Vinařice;červen;854;856;2020;32;;;;;;
Vinařice;červenec;854;870;2020;32;;;;;;
Vinařice;srpen;854;871;2020;32;;;;;;
Vinařice;září;854;868;2020;32;;;;;;
Vinařice;říjen;854;878;2020;32;;;;;;
Vinařice;listopad;854;883;2020;32;;;;;;
Vinařice;prosinec;854;882;2020;32;;;;;;
Všehrdy;leden;540;518;2024;33;;;;;;
Všehrdy;únor;540;516;2024;33;;;;;;
Všehrdy;březen;540;516;2024;33;;;;;;
Všehrdy;duben;540;514;2024;33;;;;;;
Všehrdy;květen;540;509;2024;33;;;;;;
Všehrdy;červen;540;503;2024;33;;;;;;
Všehrdy;červenec;540;522;2024;33;;;;;;
Všehrdy;srpen;540;525;2024;33;;;;;;
Všehrdy;září;552;514;2024;33;;;;;;
Všehrdy;říjen;552;521;2024;33;;;;;;
Všehrdy;listopad;552;507;2024;33;;;;;;
Všehrdy;prosinec;552;512;2024;33;;;;;;
Všehrdy;leden;541;433;2023;33;;;;;;
Všehrdy;únor;541;472;2023;33;;;;;;
Všehrdy;březen;541;506;2023;33;;;;;;
Všehrdy;duben;541;485;2023;33;;;;;;
Všehrdy;květen;541;496;2023;33;;;;;;
Všehrdy;červen;541;518;2023;33;;;;;;
Všehrdy;červenec;541;490;2023;33;;;;;;
Všehrdy;srpen;541;509;2023;33;;;;;;
Všehrdy;září;541;498;2023;33;;;;;;
Všehrdy;říjen;541;510;2023;33;;;;;;
Všehrdy;listopad;541;502;2023;33;;;;;;
Všehrdy;prosinec;540;502;2023;33;;;;;;
Všehrdy;leden;478;392;2022;33;;;;;;
Všehrdy;únor;478;395;2022;33;;;;;;
Všehrdy;březen;478;416;2022;33;;;;;;
Všehrdy;duben;478;429;2022;33;;;;;;
Všehrdy;květen;478;424;2022;33;;;;;;
Všehrdy;červen;478;437;2022;33;;;;;;
Všehrdy;červenec;478;416;2022;33;;;;;;
Všehrdy;srpen;478;418;2022;33;;;;;;
Všehrdy;září;478;421;2022;33;;;;;;
Všehrdy;říjen;478;434;2022;33;;;;;;
Všehrdy;listopad;541;418;2022;33;;;;;;
Všehrdy;prosinec;541;422;2022;33;;;;;;
Všehrdy;leden;478;401;2021;33;;;;;;
Všehrdy;únor;478;383;2021;33;;;;;;
Všehrdy;březen;478;376;2021;33;;;;;;
Všehrdy;duben;478;377;2021;33;;;;;;
Všehrdy;květen;478;386;2021;33;;;;;;
Všehrdy;červen;478;402;2021;33;;;;;;
Všehrdy;červenec;478;389;2021;33;;;;;;
Všehrdy;srpen;478;411;2021;33;;;;;;
Všehrdy;září;478;428;2021;33;;;;;;
Všehrdy;říjen;478;430;2021;33;;;;;;
Všehrdy;listopad;478;410;2021;33;;;;;;
Všehrdy;prosinec;478;389;2021;33;;;;;;
Všehrdy;leden;580;413;2020;33;;;;;;
Všehrdy;únor;478;410;2020;33;;;;;;
Všehrdy;březen;478;445;2020;33;;;;;;
Všehrdy;duben;478;431;2020;33;;;;;;
Všehrdy;květen;478;413;2020;33;;;;;;
Všehrdy;červen;478;425;2020;33;;;;;;
Všehrdy;červenec;478;420;2020;33;;;;;;
Všehrdy;srpen;478;426;2020;33;;;;;;
Všehrdy;září;478;418;2020;33;;;;;;
Všehrdy;říjen;478;416;2020;33;;;;;;
Všehrdy;listopad;478;419;2020;33;;;;;;
Všehrdy;prosinec;478;421;2020;33;;;;;;
Znojmo;leden;146;148;2024;34;10.0;;;8.0;;
Znojmo;únor;146;153;2024;34;10.0;;;8.0;;
Znojmo;březen;146;158;2024;34;10.0;;;10.0;;
Znojmo;duben;146;167;2024;34;10.0;;;9.0;;
Znojmo;květen;146;177;2024;34;10.0;;;11.0;;
Znojmo;červen;146;172;2024;34;10.0;;;7.0;;
Znojmo;červenec;146;157;2024;34;10.0;;;5.0;;
Znojmo;srpen;146;185;2024;34;10.0;;;10.0;;
Znojmo;září;146;178;2024;34;10.0;;;10.0;;
Znojmo;říjen;146;173;2024;34;10.0;;;9.0;;
Znojmo;listopad;146;179;2024;34;10.0;;;8.0;;
Znojmo;prosinec;146;177;2024;34;10.0;;;6.0;;
Znojmo;leden;136;179;2023;34;10.0;;;8.0;;
Znojmo;únor;136;182;2023;34;10.0;;;8.0;;
Znojmo;březen;136;179;2023;34;10.0;;;8.0;;
Znojmo;duben;136;169;2023;34;10.0;;;10.0;;
Znojmo;květen;136;166;2023;34;10.0;;;8.0;;
Znojmo;červen;136;158;2023;34;10.0;;;10.0;;
Znojmo;červenec;136;142;2023;34;10.0;;;11.0;;
Znojmo;srpen;136;160;2023;34;10.0;;;10.0;;
Znojmo;září;136;155;2023;34;10.0;;;7.0;;
Znojmo;říjen;146;147;2023;34;10.0;;;9.0;;
Znojmo;listopad;146;142;2023;34;10.0;;;10.0;;
Znojmo;prosinec;146;134;2023;34;10.0;;;10.0;;
Znojmo;leden;146;180;2022;34;10.0;;;7.0;;
Znojmo;únor;146;179;2022;34;10.0;;;7.0;;
Znojmo;březen;146;183;2022;34;10.0;;;7.0;;
Znojmo;duben;146;172;2022;34;10.0;;;8.0;;
Znojmo;květen;146;179;2022;34;10.0;;;9.0;;
Znojmo;červen;146;176;2022;34;10.0;;;9.0;;
Znojmo;červenec;146;158;2022;34;10.0;;;7.0;;
Znojmo;srpen;146;182;2022;34;10.0;;;9.0;;
Znojmo;září;146;185;2022;34;10.0;;;7.0;;
Znojmo;říjen;146;180;2022;34;10.0;;;6.0;;
Znojmo;listopad;146;180;2022;34;10.0;;;8.0;;
Znojmo;prosinec;146;181;2022;34;10.0;;;9.0;;
Znojmo;leden;146;172;2021;34;10.0;;;6.0;;
Znojmo;únor;146;169;2021;34;10.0;;;8.0;;
Znojmo;březen;146;159;2021;34;10.0;;;8.0;;
Znojmo;duben;146;159;2021;34;10.0;;;7.0;;
Znojmo;květen;146;159;2021;34;10.0;;;5.0;;
Znojmo;červen;146;162;2021;34;10.0;;;10.0;;
Znojmo;červenec;146;161;2021;34;10.0;;;9.0;;
Znojmo;srpen;146;164;2021;34;10.0;;;6.0;;
Znojmo;září;146;171;2021;34;10.0;;;8.0;;
Znojmo;říjen;146;174;2021;34;10.0;;;10.0;;
Znojmo;listopad;146;181;2021;34;10.0;;;10.0;;
Znojmo;prosinec;146;182;2021;34;10.0;;;9.0;;
Znojmo;leden;146;201;2020;34;10.0;;;15.0;;
Znojmo;únor;146;210;2020;34;10.0;;;12.0;;
Znojmo;březen;146;208;2020;34;10.0;;;12.0;;
Znojmo;duben;146;204;2020;34;10.0;;;14.0;;
Znojmo;květen;146;194;2020;34;10.0;;;13.0;;
Znojmo;červen;146;200;2020;34;10.0;;;11.0;;
Znojmo;červenec;146;175;2020;34;10.0;;;11.0;;
Znojmo;srpen;146;194;2020;34;10.0;;;16.0;;
Znojmo;září;146;199;2020;34;10.0;;;10.0;;
Znojmo;říjen;146;188;2020;34;10.0;;;11.0;;
Znojmo;listopad;146;184;2020;34;10.0;;;11.0;;
Znojmo;prosinec;146;178;2020;34;10.0;;;7.0;;
