id_os;Název soudu;Nadřízený soud;Délka řízení ve dnech: Průměr;Délka řízení ve dnech: Medián;Délka řízení ve dnech: Percentil 90;Odvolání v %: Míra odvolání;Odvolání v %: Míra změny rozsudku;Odvolání v %: Celk. míra zm. rozs.;Vyřizování věcí: Obživa+nápad;Vyřizování věcí: Vyřízeno;Vyřizování věcí: Nevyřízeno;Vyřizování věcí: Míra vyřizování;Vyřizování věcí: Disposition time;Počet soudců k 1.1.;Vyřizování věcí na soudce: Obživa+nápad;Vyřizování věcí na soudce: Vyřízeno;Vyřizování věcí na soudce: Nevyřízeno;Vyřizování věcí na soudce: Míra odsouzení v %;Evidenční počet soudců k 1.1.;rok;agenda_typ
1;Praha 1;MS Praha;152.2318;50.5;380.0;38.03231;37.5;14.262116250000002;1156.0;1159.0;138.0;100.25951557093427;43.45987920621225;8.5;136.0;136.35294117647058;16.235294117647058;92.84404;12.0;2024;trestní agenda
2;Praha 2;MS Praha;271.6954;91.0;795.0;27.0548;44.3038;11.986304482400001;543.0;548.0;73.0;100.92081031307552;48.62226277372263;3.5;155.14285714285714;156.57142857142858;20.857142857142858;88.84758;5.0;2024;trestní agenda
3;Praha 3;MS Praha;177.3589;110.0;299.0;28.57143;34.48276;9.852217635468;376.0;364.0;67.0;96.80851063829788;67.18406593406594;3.3;113.93939393939395;110.30303030303031;20.303030303030305;89.69072;4.0;2024;trestní agenda
4;Praha 4;MS Praha;150.0174;67.0;321.0;31.25926;37.43316;11.701328810616001;1510.0;1520.0;146.0;100.66225165562915;35.05921052631579;8.05;187.57763975155277;188.8198757763975;18.136645962732917;95.29881;10.0;2024;trestní agenda
5;Praha 5;MS Praha;126.2358;74.0;298.5;26.94611;28.45528;7.667591049607999;1109.0;1105.0;178.0;99.63931469792607;58.79638009049774;7.5;147.86666666666667;147.33333333333334;23.733333333333334;94.71983;10.0;2024;trestní agenda
6;Praha 6;MS Praha;105.3093;63.0;216.0;14.42308;68.0;9.8076944;663.0;640.0;108.0;96.53092006033182;61.59375000000001;4.9;135.30612244897958;130.6122448979592;22.04081632653061;91.00419;6.0;2024;trestní agenda
7;Praha 7;MS Praha;85.02793;47.0;160.0;12.99435;9.090909;1.1813045336415;375.0;390.0;15.0;104.0;14.03846153846154;3.0;125.0;130.0;5.0;91.34615;5.0;2024;trestní agenda
8;Praha 8;MS Praha;142.9014;84.0;316.0;31.69643;43.33333;13.735118610118997;631.0;657.0;86.0;104.12044374009508;47.77777777777778;7.0;90.14285714285714;93.85714285714286;12.285714285714286;93.3222;6.0;2024;trestní agenda
9;Praha 9;MS Praha;81.82681;50.0;176.0;17.01245;37.68116;6.41048850442;1219.0;1196.0;123.0;98.11320754716981;37.5376254180602;8.0;152.375;149.5;15.375;94.43277;5.0;2024;trestní agenda
10;Praha 10;MS Praha;138.009;70.0;330.0;30.62731;53.50319;16.386587861189;947.0;951.0;119.0;100.42238648363254;45.672975814931654;4.5;210.44444444444446;211.33333333333334;26.444444444444443;94.39252;6.0;2024;trestní agenda
11;Benešov;KS Praha;106.905;60.0;188.0;32.02247;12.76596;4.087975711212;498.0;495.0;34.0;99.3975903614458;25.07070707070707;2.75;181.0909090909091;180.0;12.363636363636363;95.51122;3.0;2024;trestní agenda
12;Beroun;KS Praha;67.27044;43.0;109.0;17.56757;27.27273;4.791155933661;593.0;574.0;35.0;96.79595278246205;22.256097560975608;2.65;223.77358490566039;216.60377358490567;13.20754716981132;98.52008;3.0;2024;trestní agenda
13;Kladno;KS Praha;82.51125;46.0;145.0;25.94937;30.0885;7.8077761924499995;980.0;983.0;51.0;100.30612244897958;18.936927772126143;7.0;140.0;140.42857142857142;7.285714285714286;96.40131;7.0;2024;trestní agenda
14;Kolín;KS Praha;102.5376;60.0;223.0;25.66038;24.59016;6.3099284986079995;606.0;609.0;39.0;100.4950495049505;23.374384236453203;2.7;224.44444444444443;225.55555555555554;14.444444444444443;92.37918;4.0;2024;trestní agenda
15;Kutná Hora;KS Praha;73.11364;40.5;187.0;23.86364;44.44445;10.60606354798;332.0;322.0;24.0;96.98795180722891;27.20496894409938;2.0;166.0;161.0;12.0;98.25327;2.0;2024;trestní agenda
16;Mělník;KS Praha;89.35416;48.0;197.0;33.57143;50.0;16.785715;599.0;599.0;30.0;100.0;18.280467445742904;4.0;149.75;149.75;7.5;96.84015;5.0;2024;trestní agenda
17;Mladá Boleslav;KS Praha;110.5022;53.0;198.0;23.63636;17.64706;4.171122631016;890.0;885.0;57.0;99.43820224719101;23.508474576271187;4.9;181.6326530612245;180.61224489795916;11.63265306122449;95.84383;3.0;2024;trestní agenda
18;Nymburk;KS Praha;85.60338;51.0;188.0;24.15254;27.45098;6.630108924891999;641.0;633.0;46.0;98.75195007800312;26.524486571879937;3.35;191.34328358208955;188.955223880597;13.731343283582088;97.00997;3.0;2024;trestní agenda
19;Praha-východ;KS Praha;85.66393;57.0;157.0;20.54795;40.84507;8.392824561065;920.0;906.0;59.0;98.47826086956522;23.76931567328918;3.7;248.64864864864865;244.86486486486484;15.945945945945946;95.57641;7.0;2024;trestní agenda
20;Praha-západ;KS Praha;259.8404;96.0;486.0;31.73077;44.44445;14.102566207265001;630.0;611.0;44.0;96.98412698412699;26.2847790507365;3.8;165.78947368421052;160.78947368421052;11.578947368421053;94.81481;5.0;2024;trestní agenda
21;Příbram;KS Praha;163.5701;75.0;419.0;15.98174;46.66667;7.4581458660580005;618.0;631.0;52.0;102.10355987055016;30.079239302694138;3.8;162.63157894736844;166.05263157894737;13.68421052631579;94.39462;4.0;2024;trestní agenda
22;Rakovník;KS Praha;78.39785;54.0;175.0;32.25806;24.13793;7.786427942158;290.0;286.0;18.0;98.62068965517241;22.972027972027973;1.25;232.0;228.8;14.4;96.59575;2.0;2024;trestní agenda
23;České Budějovice;KS Č. Budějovice;117.176;64.0;249.0;18.34862;28.125;5.160549375;1272.0;1288.0;136.0;101.25786163522012;38.54037267080746;6.6;192.72727272727275;195.15151515151516;20.606060606060606;90.47169;12.0;2024;trestní agenda
24;Český Krumlov;KS Č. Budějovice;110.4382;69.5;296.0;25.32467;18.18182;4.604485914994;394.0;389.0;56.0;98.73096446700508;52.544987146529564;2.1;187.61904761904762;185.23809523809524;26.666666666666664;94.49275;2.0;2024;trestní agenda
25;Jindřichův Hradec;KS Č. Budějovice;143.9795;88.0;300.0;22.16216;29.72973;6.588750330168;504.0;510.0;65.0;101.19047619047619;46.51960784313725;2.7;186.66666666666666;188.88888888888889;24.074074074074073;94.54148;4.0;2024;trestní agenda
26;Pelhřimov;KS Č. Budějovice;97.27407;70.0;191.0;13.53384;47.05882;6.368865404687999;300.0;303.0;28.0;101.0;33.729372937293725;1.6;187.5;189.375;17.5;93.92712;2.0;2024;trestní agenda
27;Písek;KS Č. Budějovice;206.7313;109.0;443.0;26.19048;40.0;10.476192000000001;445.0;432.0;55.0;97.07865168539325;46.46990740740741;1.8;247.22222222222223;240.0;30.555555555555554;93.3518;3.0;2024;trestní agenda
28;Prachatice;KS Č. Budějovice;125.243;51.0;168.0;9.90099;57.14286;5.6577088543139995;313.0;315.0;32.0;100.63897763578275;37.07936507936508;1.4;223.57142857142858;225.00000000000003;22.857142857142858;94.8718;1.0;2024;trestní agenda
29;Strakonice;KS Č. Budějovice;129.5368;75.5;300.0;16.2963;55.0;8.962964999999999;344.0;348.0;42.0;101.16279069767442;44.05172413793104;2.6;132.3076923076923;133.84615384615384;16.153846153846153;92.46988;3.0;2024;trestní agenda
30;Tábor;KS Č. Budějovice;118.2293;79.5;227.0;30.45113;48.52941;14.777753727333;505.0;528.0;68.0;104.55445544554456;47.00757575757576;2.8;180.35714285714286;188.57142857142858;24.28571428571429;96.14561;4.0;2024;trestní agenda
31;Domažlice;KS Plzeň;94.25203;36.0;122.0;28.2353;50.0;14.11765;312.0;309.0;30.0;99.03846153846155;35.43689320388349;2.0;156.0;154.5;15.0;97.1831;2.0;2024;trestní agenda
32;Cheb;KS Plzeň;130.5099;69.0;222.0;23.01136;46.05263;10.597336478768;670.0;660.0;98.0;98.50746268656717;54.1969696969697;3.4000000000000004;197.05882352941174;194.1176470588235;28.823529411764703;94.61279;5.0;2024;trestní agenda
33;Karlovy Vary;KS Plzeň;180.0238;94.0;391.0;20.91153;58.73016;12.281375027447998;728.0;756.0;97.0;103.84615384615385;46.83201058201058;6.0;121.33333333333333;126.0;16.166666666666668;92.68966;7.0;2024;trestní agenda
34;Klatovy;KS Plzeň;159.3478;74.0;460.0;23.38308;51.16279;11.963436115932;511.0;507.0;68.0;99.21722113502935;48.954635108481256;2.2;232.27272727272725;230.45454545454544;30.909090909090907;95.72072;2.0;2024;trestní agenda
35;Plzeň-jih;KS Plzeň;135.4962;90.0;287.0;24.8;60.71429;15.057143920000001;307.0;326.0;37.0;106.18892508143323;41.42638036809816;2.5;122.8;130.4;14.8;92.0;3.0;2024;trestní agenda
36;Plzeň-město;KS Plzeň;160.8872;88.0;325.0;34.12409;48.53801;16.563154216609;1362.0;1273.0;302.0;93.46549192364171;86.59073055773763;9.67;140.84798345398139;131.64426059979317;31.2306101344364;95.89552;12.0;2024;trestní agenda
37;Plzeň-sever;KS Plzeň;223.913;155.0;403.0;23.21428;47.82609;11.102482445651999;354.0;365.0;61.0;103.10734463276836;61.0;2.2;160.9090909090909;165.9090909090909;27.727272727272727;94.92538;2.0;2024;trestní agenda
38;Rokycany;KS Plzeň;156.9706;88.0;422.0;30.76923;31.25;9.615384375;312.0;305.0;50.0;97.75641025641025;59.83606557377049;2.5;124.8;122.0;20.0;97.35449;3.0;2024;trestní agenda
39;Sokolov;KS Plzeň;122.8827;54.0;336.0;24.50331;50.76923;12.440141811513;603.0;592.0;90.0;98.17578772802653;55.48986486486486;4.05;148.88888888888889;146.17283950617283;22.22222222222222;95.77982;6.0;2024;trestní agenda
40;Tachov;KS Plzeň;135.6201;94.0;247.0;21.32353;36.0;7.676470800000001;437.0;446.0;81.0;102.05949656750573;66.28923766816143;2.0;218.5;223.0;40.5;97.13542;2.0;2024;trestní agenda
41;Česká Lípa;KS Ústí n. Labem;142.1892;87.0;309.0;16.94561;41.79105;7.081748347904998;864.0;873.0;151.0;101.04166666666667;63.13287514318442;4.35;198.62068965517244;200.6896551724138;34.71264367816092;93.30086;9.0;2024;trestní agenda
42;Děčín;KS Ústí n. Labem;260.0533;90.5;563.0;9.60809;52.85714;5.078561582626;1228.0;1242.0;291.0;101.1400651465798;85.51932367149759;7.6;161.57894736842107;163.42105263157896;38.28947368421053;94.77435;8.0;2024;trestní agenda
43;Chomutov;KS Ústí n. Labem;298.2812;127.0;766.0;16.56535;39.17526;6.48951893241;1161.0;1183.0;342.0;101.89491817398795;105.51986475063399;8.05;144.22360248447202;146.9565217391304;42.48447204968944;93.87234;11.0;2024;trestní agenda
44;Jablonec nad Nisou;KS Ústí n. Labem;208.0106;118.0;470.0;20.78853;54.83871;11.400161679963;598.0;583.0;159.0;97.49163879598662;99.54545454545453;3.0;199.33333333333334;194.33333333333334;53.0;92.06049;6.0;2024;trestní agenda
45;Liberec;KS Ústí n. Labem;202.1447;105.0;450.0;28.0389;45.0;12.617505000000001;1202.0;1291.0;234.0;107.40432612312812;66.15801704105344;8.45;142.24852071005918;152.7810650887574;27.692307692307693;94.03384;12.0;2024;trestní agenda
46;Litoměřice;KS Ústí n. Labem;135.2714;67.5;295.0;20.91255;67.30769;14.075754325095;651.0;653.0;110.0;100.30721966205837;61.48545176110261;5.35;121.68224299065422;122.05607476635515;20.560747663551403;94.6768;7.0;2024;trestní agenda
47;Louny;KS Ústí n. Labem;106.8788;57.0;231.0;17.97102;57.62712;10.356181260623998;738.0;744.0;119.0;100.8130081300813;58.380376344086024;2.75;268.3636363636364;270.54545454545456;43.27272727272727;97.34904;4.0;2024;trestní agenda
48;Most;KS Ústí n. Labem;129.5774;84.0;263.5;10.11419;40.35088;4.081164669872;1195.0;1187.0;244.0;99.3305439330544;75.02948609941028;6.5;183.84615384615384;182.6153846153846;37.53846153846154;95.85297;8.0;2024;trestní agenda
49;Teplice;KS Ústí n. Labem;137.4956;69.0;307.0;11.29032;66.66667;7.526880376344;1181.0;1181.0;224.0;100.0;69.22946655376799;5.25;224.95238095238096;224.95238095238096;42.666666666666664;91.81416;8.0;2024;trestní agenda
50;Ústí nad Labem;KS Ústí n. Labem;194.3731;85.0;491.0;9.931973;50.81967;5.0473959030891;1302.0;1371.0;227.0;105.29953917050692;60.43398978847557;5.970000000000001;218.0904522613065;229.64824120603012;38.02345058626465;92.73743;12.0;2024;trestní agenda
51;Havlíčkův Brod;KS Hr. Králové;187.0526;85.5;403.0;24.11347;48.0;11.574465599999998;397.0;386.0;56.0;97.22921914357683;52.953367875647665;3.6;110.27777777777777;107.22222222222221;15.555555555555555;93.62881;3.0;2024;trestní agenda
52;Hradec Králové;KS Hr. Králové;121.4202;71.0;237.0;25.3112;18.18182;4.602036823839999;771.0;760.0;98.0;98.57328145265889;47.06578947368421;6.0;128.5;126.66666666666667;16.333333333333332;96.4657;6.0;2024;trestní agenda
53;Chrudim;KS Hr. Králové;98.86034;50.0;208.0;27.19298;42.30769;11.504721680162;378.0;382.0;37.0;101.05820105820106;35.353403141361255;2.35;160.85106382978722;162.5531914893617;15.74468085106383;94.91018;3.0;2024;trestní agenda
54;Jičín;KS Hr. Králové;153.2273;75.0;363.0;27.77778;20.58824;5.718956013072;275.0;292.0;20.0;106.18181818181817;25.0;3.0;91.66666666666667;97.33333333333333;6.666666666666667;94.15585;3.0;2024;trestní agenda
55;Náchod;KS Hr. Králové;93.29707;56.0;152.0;23.82979;33.33334;7.9432649219860005;654.0;649.0;28.0;99.2354740061162;15.747303543913715;3.4;192.35294117647058;190.88235294117646;8.23529411764706;97.40485;4.0;2024;trestní agenda
56;Pardubice;KS Hr. Králové;109.9114;65.0;218.0;37.31779;33.64486;12.555518200594001;767.0;754.0;92.0;98.30508474576271;44.53580901856764;4.5;170.44444444444446;167.55555555555554;20.444444444444443;97.44318;6.0;2024;trestní agenda
57;Rychnov nad Kněžnou;KS Hr. Králové;136.2397;79.5;264.0;26.86567;21.42857;5.756928901919;436.0;422.0;69.0;96.78899082568807;59.68009478672985;2.0;218.0;211.0;34.5;96.01227;3.0;2024;trestní agenda
58;Semily;KS Hr. Králové;102.0769;47.0;179.5;23.62205;23.07692;5.4512415808600005;349.0;346.0;33.0;99.14040114613181;34.812138728323696;1.4;249.2857142857143;247.14285714285717;23.571428571428573;96.46303;2.0;2024;trestní agenda
59;Svitavy;KS Hr. Králové;69.38017;40.0;160.0;23.27586;42.30769;9.847478693634;521.0;517.0;24.0;99.23224568138195;16.943907156673117;2.5;208.4;206.8;9.6;95.3125;2.0;2024;trestní agenda
60;Trutnov;KS Hr. Králové;96.75778;62.0;169.0;17.13287;25.5814;4.3828280061800005;658.0;660.0;76.0;100.30395136778117;42.03030303030303;4.25;154.8235294117647;155.2941176470588;17.88235294117647;97.68977;4.0;2024;trestní agenda
61;Ústí nad Orlicí;KS Hr. Králové;67.15018;42.0;136.0;20.39216;33.33334;6.7973880261440005;511.0;521.0;37.0;101.95694716242663;25.92130518234165;3.0;170.33333333333334;173.66666666666666;12.333333333333334;95.82505;4.0;2024;trestní agenda
62;Blansko;KS Brno;127.1948;92.0;239.0;16.44737;16.66667;2.7412288815789996;413.0;387.0;92.0;93.7046004842615;86.77002583979328;2.0;206.5;193.5;46.0;91.59159;2.0;2024;trestní agenda
63;Brno-město;KS Brno;79.33914;44.0;154.0;21.26564;17.47212;3.7155581395680004;2436.0;2396.0;286.0;98.35796387520526;43.56844741235392;12.5;194.88;191.68;22.88;94.68268;16.0;2024;trestní agenda
64;Brno-venkov;KS Brno;164.8125;102.0;364.0;21.20141;32.14286;6.814739534326;660.0;679.0;117.0;102.87878787878788;62.8939617083947;4.25;155.2941176470588;159.76470588235293;27.529411764705884;88.70056;5.0;2024;trestní agenda
65;Břeclav;KS Brno;114.6035;78.0;203.0;30.56995;29.41177;8.991163383115;547.0;536.0;82.0;97.9890310786106;55.83955223880597;3.0;182.33333333333334;178.66666666666666;27.333333333333332;95.74036;4.0;2024;trestní agenda
66;Hodonín;KS Brno;193.4583;110.5;437.0;25.5814;26.08696;6.673409585440001;614.0;589.0;158.0;95.92833876221498;97.91171477079796;2.95;208.13559322033896;199.66101694915253;53.559322033898304;95.10135;4.0;2024;trestní agenda
67;Jihlava;KS Brno;136.6084;76.0;336.0;19.76744;27.90698;5.516495527312;576.0;582.0;87.0;101.04166666666667;54.56185567010309;4.0;144.0;145.5;21.75;93.57143;5.0;2024;trestní agenda
68;Kroměříž;KS Brno;100.5;46.5;199.0;11.48649;43.75;5.025339375;545.0;531.0;99.0;97.43119266055047;68.05084745762711;3.0;181.66666666666666;177.0;33.0;96.66012;3.0;2024;trestní agenda
69;Prostějov;KS Brno;95.06154;73.0;194.0;29.60894;18.0;5.3296092;428.0;429.0;52.0;100.23364485981307;44.24242424242424;3.0;142.66666666666666;143.0;17.333333333333332;94.45844;3.0;2024;trestní agenda
70;Třebíč;KS Brno;90.94675;56.0;221.0;18.98734;23.07692;4.3816932619280005;505.0;497.0;60.0;98.41584158415841;44.06438631790744;3.0;168.33333333333334;165.66666666666666;20.0;96.72544;3.0;2024;trestní agenda
71;Uherské Hradiště;KS Brno;143.7133;90.0;269.5;23.33333;31.03448;7.241377632184;521.0;541.0;74.0;103.8387715930902;49.92606284658041;3.0;173.66666666666666;180.33333333333334;24.666666666666668;94.85294;3.0;2024;trestní agenda
72;Vyškov;KS Brno;191.4252;111.0;442.0;16.52892;15.0;2.479338;317.0;305.0;51.0;96.21451104100946;61.032786885245905;1.6;198.125;190.625;31.875;90.6015;2.0;2024;trestní agenda
73;Zlín;KS Brno;116.5172;70.0;232.0;23.87097;34.92064;8.335895498208;798.0;803.0;115.0;100.6265664160401;52.272727272727266;4.0;199.5;200.75;28.75;96.20254;5.0;2024;trestní agenda
74;Znojmo;KS Brno;150.5437;91.0;324.0;15.49708;26.19048;4.058759637984;617.0;637.0;103.0;103.24149108589951;59.018838304552595;4.0;154.25;159.25;25.75;92.31928;5.0;2024;trestní agenda
75;Žďár nad Sázavou;KS Brno;170.0928;100.0;439.0;17.44186;20.0;3.4883719999999996;379.0;393.0;50.0;103.6939313984169;46.43765903307888;2.0;189.5;196.5;25.0;95.53571;3.0;2024;trestní agenda
76;Bruntál;KS Ostrava;149.7793;82.0;308.0;21.54195;43.75;9.424603124999999;757.0;764.0;189.0;100.92470277410833;90.29450261780104;5.0;151.4;152.8;37.8;95.08929;4.0;2024;trestní agenda
77;Frýdek-Místek;KS Ostrava;153.0407;97.5;318.5;21.22905;44.89796;9.53141037738;1280.0;1256.0;241.0;98.125;70.03582802547771;6.75;189.62962962962962;186.07407407407408;35.7037037037037;97.77983;8.0;2024;trestní agenda
78;Jeseník;KS Ostrava;170.4528;90.0;413.0;27.61905;36.0;9.942858000000001;290.0;308.0;26.0;106.20689655172413;30.81168831168831;1.6;181.25;192.5;16.25;92.78996;2.0;2024;trestní agenda
79;Karviná;KS Ostrava;115.8466;62.0;212.0;19.05911;35.21127;6.710954681697;1710.0;1675.0;261.0;97.953216374269;56.874626865671644;9.0;190.0;186.11111111111111;29.0;96.65793;11.0;2024;trestní agenda
80;Nový Jičín;KS Ostrava;213.5778;70.0;449.0;14.57399;64.51613;9.402574334587001;888.0;905.0;135.0;101.91441441441442;54.447513812154696;4.7;188.93617021276594;192.5531914893617;28.72340425531915;97.125;7.0;2024;trestní agenda
81;Olomouc;KS Ostrava;150.7951;77.0;322.0;31.59722;54.2683;17.147274141260002;1326.0;1290.0;200.0;97.28506787330316;56.58914728682171;6.5;204.0;198.46153846153845;30.76923076923077;93.40949;8.0;2024;trestní agenda
82;Opava;KS Ostrava;230.8663;116.5;512.0;18.78981;42.0;7.8917202;847.0;853.0;216.0;100.70838252656435;92.42672919109026;6.0;141.16666666666666;142.16666666666666;36.0;94.95352;7.0;2024;trestní agenda
83;Ostrava;KS Ostrava;214.7701;104.0;538.0;18.76333;42.35808;7.947786332064001;2933.0;2907.0;593.0;99.11353562904876;74.45648434812522;16.0;183.3125;181.6875;37.0625;95.59596;23.0;2024;trestní agenda
84;Přerov;KS Ostrava;226.7236;115.5;533.0;22.22222;34.09091;7.5757570202019995;724.0;731.0;116.0;100.96685082872926;57.92065663474692;5.0;144.8;146.2;23.2;92.86899;4.0;2024;trestní agenda
85;Šumperk;KS Ostrava;227.6819;122.0;579.0;29.70588;53.94737;16.025540995356;749.0;777.0;151.0;103.73831775700934;70.93307593307594;5.2;144.03846153846155;149.4230769230769;29.038461538461537;92.74074;4.0;2024;trestní agenda
86;Vsetín;KS Ostrava;164.1619;105.0;403.0;15.10204;33.33334;5.034014340136;711.0;720.0;102.0;101.26582278481013;51.70833333333333;3.6;197.5;200.0;28.333333333333332;95.87786;4.0;2024;trestní agenda
109;ČR;nic;149.0;74.0;323.0;22.06;38.98;8.598987999999999;734.9651162790698;734.9302325581396;107.73255813953489;99.99525369025582;53.50492057464718;4.339418604651163;169.36949007208122;169.3614512714703;24.826495886813685;94.68;5.372093023255814;2024;trestní agenda
